0,work
yes,baby-in-a-carriage(1).jpg
yes,landscape-with-willows-and-sun-shining-through-the-clouds-1884.jpg
yes,woman-sewing-1881.jpg
yes,three-studies-1890.jpg
yes,seated-man-with-a-beard-1886-1.jpg
yes,chestnut-trees-in-blossom-1890(1).jpg
yes,sheet-with-two-groups-of-peasants-at-a-meal-1890.jpg
yes,nude-woman-half-length-1882.jpg
yes,at-the-plough-1884(1).jpg
yes,group-of-people-on-the-beach-with-fishing-boat-arriving-1882(1).jpg
yes,stocky-man-1885-1.jpg
yes,people-strolling-on-the-beach-1882.jpg
yes,two-hands-3.jpg
yes,orphan-man-with-top-hat-drinking-coffee-1882.jpg
yes,miners-in-the-snow-at-dawn-1880.jpg
yes,sheet-with-many-sketches-of-figures-1890.jpg
yes,a-weather-beaten-pine-tree-1889(1).jpg
yes,the-goat-herd-1862.jpg
yes,the-church-in-nuenen-in-winter-1883.jpg
yes,sand-diggers-in-dekkersduin-near-the-hague-2-1883.jpg
yes,three-cottages-in-saintes-maries-1888.jpg
yes,two-peasant-women-digging-potatoes-1885.jpg
yes,digger-1882-3(1).jpg
yes,four-men-cutting-wood-1882(1).jpg
yes,wheat-field-with-sheaves-and-a-windmill-1885.jpg
yes,hands-1885-1(1).jpg
yes,a-public-garden-with-people-walking-in-the-rain-1886(1).jpg
yes,road-with-men-walking-carriage-cypress-star-and-crescent-moon-1890.jpg
yes,the-fourteenth-of-july-celebration-in-paris-1886.jpg
yes,peasant-with-a-chopping-knife-1881.jpg
yes,entrance-to-the-voyer-d-argenson-park-at-asnieres-1887(1).jpg
yes,seated-nude-after-bargues-1890.jpg
yes,idol.jpg
yes,two-hands-with-a-stick.jpg
yes,the-langlois-bridge-at-arles-1888.jpg
yes,selfportrait-on-the-road-to-tarascon-the-painter-on-his-way-to-work-1888.jpg
yes,the-artist-s-house-in-arles-1888.jpg
yes,pine-trees-in-the-fen-1884.jpg
yes,a-girl-in-the-street-two-coaches-in-the-background-1882(1).jpg
yes,landscape-with-hut-in-the-camargue-1888.jpg
yes,interior-with-peasant-woman-sitting-near-the-fireplace-1885-1.jpg
yes,plaster-statuette-1886-1.jpg
yes,congregation-leaving-the-reformed-church-in-nuenen-1884(1).jpg
yes,sketch-of-cows-and-children-1890.jpg
yes,drawbridge-with-walking-couple-1888(1).jpg
yes,dog(1).jpg
yes,girl-with-straw-hat-sitting-in-the-wheat-1890(1).jpg
yes,girl-kneeling-in-front-of-a-bucket-1881(1).jpg
yes,weaver-seen-from-the-front-1884.jpg
yes,seated-woman-2-1885.jpg
yes,doctor-gachet-sitting-at-a-table-with-books-and-a-glass-with-sprigs-of-foxglove-1890(1).jpg
yes,sower-and-trunk-of-an-old-yew-tree-1888.jpg
yes,miners-1880.jpg
yes,cypresses-1889-3(1).jpg
yes,farmhouse-with-barn-and-trees-1883(1).jpg
yes,peasant-woman-stooping-2-1885.jpg
yes,three-persons-returning-from-the-potato-field-1883.jpg
yes,old-man-in-a-tail-coat-1882.jpg
yes,ward-in-the-hospital-at-arles-1889.jpg
yes,people-walking-in-front-of-the-palais-du-luxembourg-1886.jpg
yes,carriage(1).jpg
yes,watermill-in-kollen-near-nuenen-1884.jpg
yes,seated-female-nude.jpg
yes,alcohol-3840756.jpg
yes,the-angelus-after-millet-1880.jpg
yes,miners-in-the-snow-winter-1882.jpg
yes,three-cicadas-1889.jpg
yes,woman-with-folded-hands-half-length-1883.jpg
yes,several-figures-on-a-road-with-trees-1890.jpg
yes,men-in-front-of-the-counter-in-a-cafe-1890.jpg
yes,still-life-with-mackerels-lemons-and-tomatoes-1886.jpg
yes,head-of-a-peasant-woman-with-white-cap-1885-2(1).jpg
yes,the-railway-bridge-over-avenue-montmajour-1888.jpg
yes,mask-of-an-egyptian-mummy-1889.jpg
yes,people-walking-on-a-street-in-the-evening-1886.jpg
yes,cottage-with-trees-1885(1).jpg
yes,torso-of-venus-4.jpg
yes,orphan-man-holding-top-hat-in-his-hand-1882-1.jpg
yes,orphan-man-with-cap-and-stick-1882.jpg
yes,sketch-of-a-couple-walking-with-a-child-1890.jpg
yes,seated-girl-seen-from-the-front.jpg
yes,man-with-rake-1883.jpg
yes,building-in-eindhoven-the-weigh-house-1885(1).jpg
yes,digger-1882-1(1).jpg
yes,peasant-woman-pitching-wheat-or-hay-1885-1.jpg
yes,peasant-seen-from-the-back-and-three-hands-holding-a-stick-1885.jpg
yes,woman-peeling-potatoes-1885.jpg
yes,girl-carrying-a-loaf-of-bread-1882(1).jpg
yes,wheat-harvest-1884.jpg
yes,sheet-with-people-sitting-on-chairs-1890.jpg
yes,a-zandmennik-house(1).jpg
yes,sloping-path-in-montmartre-1886.jpg
yes,near-the-hearth-1881.jpg
yes,digger-1881-2(1).jpg
yes,figures-in-a-park-1886(1).jpg
yes,snowy-yard-1883.jpg
yes,study-of-two-peasants-1885-1.jpg
yes,orphan-man-with-top-hat-and-umbrella-under-his-arm-1882.jpg
yes,two-sketches-of-a-man-leaning-on-his-spade-1867.jpg
yes,farmhouse-with-wheat-field-along-a-road-and-field-with-flowers-1888(1).jpg
yes,studies-for-figures-carrying-bundles-of-wood-1885.jpg
yes,bending-woman-1882(1).jpg
yes,seascape-at-saintes-maries-1888.jpg
yes,peasant-woman-digging-1885-1.jpg
yes,the-raising-of-lazarus-1890.jpg
yes,man-winding-yarn-1884.jpg
yes,road-with-pollard-willows-1881-1.jpg
yes,woman-with-a-broom-1882-1.jpg
yes,beach-and-boats-1882(1).jpg
yes,vicarage-at-nuenen-1885.jpg
yes,study-of-two-peasants-1885.jpg
yes,mantelpiece-with-chair-1890.jpg
yes,sower-with-hand-in-sack-1881.jpg
yes,trees-and-shrubs-1889.jpg
yes,man-sitting-reading-a-book-1882.jpg
yes,barred-windows(1).jpg
yes,orphan-man-with-long-overcoat-and-umbrella-seen-from-the-back-1882.jpg
yes,miners-wives-carrying-sacks-of-coal-1882.jpg
yes,sower-facing-left.jpg
yes,peasant-woman-tossing-hay-seen-from-the-back-1885.jpg
yes,still-life-with-yellow-hat-1885.jpg
yes,woman-with-shawl-over-her-hair-head-1883.jpg
yes,the-langlois-bridge-at-arles-1888-2.jpg
yes,garden-in-the-snow-1885(1).jpg
yes,alley-bordered-by-trees-1884(1).jpg
yes,sheet-with-sketches-of-working-people-1890-1.jpg
yes,interior-with-peasant-woman-peeling-potatoes-1885.jpg
yes,entrance-to-the-moulin-de-la-galette-1887.jpg
yes,fisherman-with-basket-on-his-back-1882(1).jpg
yes,woman-with-shawl-sewing-1883.jpg
yes,peasant-woman-with-shawl-over-her-head-seen-from-the-side-2-1885.jpg
yes,stocky-man-1885.jpg
yes,woman-in-dark-dress-walking-1886.jpg
yes,standing-male-nude-seen-from-the-front-1.jpg
yes,seated-male-nude-seen-from-the-back.jpg
yes,three-woodcutters-walking-1884.jpg
yes,woman-walking-her-dog-1886.jpg
yes,clock-clog-with-cutlery-and-a-spoon-rack-1885(1).jpg
yes,man-and-woman-seen-from-the-back-1882.jpg
yes,pine-trees-in-front-of-the-wall-of-the-asylum-1889-1.jpg
yes,sketches-of-heads-1884.jpg
yes,torn-up-street-with-diggers-1882.jpg
yes,stooks-and-a-peasant-stacking-sheaves-1885.jpg
yes,old-woman-with-a-shawl-and-a-walking-stick-1882.jpg
yes,snowy-landscape-with-the-old-tower-1883.jpg
yes,hand-1885-1(1).jpg
yes,bridge-and-houses-on-the-corner-of-herengracht-prinsessegracht-1882(1).jpg
yes,woman-with-hat-coat-and-pleated-dress-1882.jpg
yes,road-with-trees-1888.jpg
yes,head-of-a-woman-1884.jpg
yes,man-with-saw-1881.jpg
yes,peasant-woman-with-broom-1885.jpg
yes,sketches-of-a-man-with-a-ladder-other-figures-and-a-cemetery-1885.jpg
yes,women-miners-1882.jpg
yes,portrait-of-père-tanguy-1888.jpg
yes,the-seine-with-the-pont-de-clichy-1887.jpg
yes,head-of-an-old-woman-with-white-cap-the-midwife-1885(2).jpg
yes,woman-with-striped-skirt-1890.jpg
yes,avenue-of-poplars-1884(1).jpg
yes,the-moulin-de-la-galette-1886.jpg
yes,standing-female-nude-seen-from-the-back.jpg
yes,standing-female-nude-seen-from-the-front-1886.jpg
yes,factory-1882(1).jpg
yes,bench-with-four-persons-and-baby-1882(1).jpg
yes,orchard-in-blossom-with-two-figures-spring-1888.jpg
yes,scheveningen-women-and-other-people-under-umbrellas-1882.jpg
yes,old-woman-seen-from-behind-1882.jpg
yes,woman-with-a-broom-1882.jpg
yes,the-grote-markt-1885.jpg
yes,the-viaduct-and-the-trinquetaille-bridge-1888.jpg
yes,field-with-two-sowers-and-trees-1890(1).jpg
yes,man-loading-a-cart-1885.jpg
yes,village-street-sketch-1890.jpg
yes,sketchbook.jpg
yes,sheet-with-figures-at-a-table-a-sower-clogs-etc-1890.jpg
yes,orphan-man-with-top-hat-drinking-coffee-1882-1.jpg
yes,entrance-to-the-pawn-bank-the-hague-1882(1).jpg
yes,peat-diggers-in-the-dunes-1883.jpg
yes,potato-harvest-with-two-figures-1884.jpg
yes,sketches-for-the-drawing-of-an-auction-1885.jpg
yes,peasant-woman-binding-sheaves-1885.jpg
yes,still-life-with-five-bottles-1884.jpg
yes,pine-trees-near-the-wall-of-the-asylum-1889-1.jpg
yes,worn-out-1882.jpg
yes,studies-of-three-peasants-and-a-head-1885.jpg
yes,six-sketches-of-figures-among-others-a-man-sowing-wheat-1890.jpg
yes,girl-sitting-knitting-1882(1).jpg
yes,portrait-possibly-of-willemien-van-gogh-1881.jpg
yes,three-peasants-at-a-meal-1890.jpg
yes,donkey-cart-with-boy-and-scheveningen-woman-1882(1).jpg
yes,peasant-girl-standing-1881.jpg
yes,the-garden-of-saint-paul-hospital-1889.jpg
yes,orphan-man-with-umbrella-seen-from-the-back-1882.jpg
yes,fisherman-with-sou-wester-sitting-with-pipe-1883-1(1).jpg
yes,studies-of-a-dead-sparrow-1885.jpg
yes,the-old-mill-1888.jpg
yes,water-wheels-of-mill-at-gennep-1884.jpg
yes,sketches-of-a-cottage-and-figures-2-1890.jpg
yes,weaver-facing-left-1884-1.jpg
yes,farmer-with-straw-hat-1888(1).jpg
yes,sand-diggers-in-dekkersduin-near-the-hague-1883.jpg
yes,four-sketches-of-a-foot-1886(1).jpg
yes,a-mousmé-sitting-1888(1).jpg
yes,the-cafe-terrace-on-the-place-du-forum-arles-at-night-1888.jpg
yes,churches-at-petersham-and-turnham-green(1).jpg
yes,peasant-woman-stooping-with-spade-possibly-digging-up-carrots.jpg
yes,venus-in-a-top-hat.jpg
yes,studies-of-the-interior-of-a-cottage-and-a-sketch-of-the-potato-eaters-1885.jpg
yes,horse-and-carriage-1890.jpg
yes,people-in-the-studio-1883.jpg
yes,old-man-warming-himself-1881.jpg
yes,the-parsonage-garden-in-the-snow-1885.jpg
yes,fisherman-s-wife-on-the-beach-1882(1).jpg
yes,farmers-working-in-the-field-1888(1).jpg
yes,a-woman-picking-up-a-stick-in-front-of-trees-1890(1).jpg
yes,cottages-with-three-figures-1890(1).jpg
yes,people-walking-on-the-beach-1882.jpg
yes,sheet-with-numerous-sketches-of-working-people-1890.jpg
yes,a-carpenter-with-apron-1882(1).jpg
yes,carriage-and-two-figures-on-a-road(1).jpg
yes,woman-feeding-chickens-1883.jpg
yes,sien-s-mother-s-house-seen-from-the-backyard-1882.jpg
yes,houses-with-thatched-roofs-1884.jpg
yes,the-stone-bench-in-the-garden-at-saint-paul-hospital-1889.jpg
yes,st-catharina-s-church-at-eindhoven-1885.jpg
yes,l-ecorche-and-borghese-gladiator-1887.jpg
yes,postman-joseph-roulin-1888.jpg
yes,chair-and-sketch-of-a-hand(1).jpg
yes,the-outskirts-of-paris-1886.jpg
yes,coal-barges-1888(1).jpg
yes,sand-diggers-1882.jpg
yes,study-of-a-woman-standing-two-heads-another-figure-1890.jpg
yes,the-seine-with-the-pont-de-clichy-1887-1.jpg
yes,orphan-man-with-long-overcoat-and-umbrella-seen-from-the-back-2-1882.jpg
yes,idol-2.jpg
yes,the-church-at-auvers-1890.jpg
yes,blind-man-sitting-in-interior(1).jpg
yes,peasant-with-sickle-seen-from-the-back-1885-3.jpg
yes,can-books-wineglass-bread-and-arum-sketch-of-two-women-and-a-girl-1890(1).jpg
yes,plaster-statuette-of-a-horse-1886.jpg
yes,peasant-chopping-1885.jpg
yes,two-women-talking-to-each-other-while-digging-1885.jpg
yes,orchard-and-house-with-orange-roof-1888-1.jpg
yes,edge-of-a-wood-1882(1).jpg
yes,peasant-with-sickle-seen-from-the-back-1885-4.jpg
yes,portrait-of-patience-escalier-1888-1.jpg
yes,sketch-of-a-hen-1890.jpg
yes,a-fishing-boat-at-sea-1888-1(1).jpg
yes,woman-by-the-fireplace-1885.jpg
yes,ploughman-and-three-women-1883.jpg
yes,landscape-with-cottages-and-a-mill-1885.jpg
yes,peasant-woman-with-a-bucket-1885.jpg
yes,view-of-royal-road-ramsgate-1876.jpg
yes,studies-figure-the-enclosure-wall-of-saint-paul-hospital-and-others-1889.jpg
yes,stooping-woman-in-landscape-1883.jpg
yes,orphan-man-with-cap-and-walking-stick-1882.jpg
yes,the-reaper-after-millet-1889.jpg
yes,head-of-a-man-with-a-hat-a-perspective-frame-and-other-sketches-1890(1).jpg
yes,workman-beside-a-mound-of-peat-and-a-peat-boat-with-two-figures-1883.jpg
yes,vincent-s-bedroom-1888.jpg
yes,vase-with-red-gladioli-1886.jpg
yes,belvedere-overlooking-montmartre-1886(1).jpg
yes,two-women-in-the-woods-1882.jpg
yes,peasant-woman-standing-near-a-ditch-or-pool-1885.jpg
yes,woman-near-a-window-twice-man-with-winnow-sower-and-woman-with-broom.jpg
yes,small-house-on-a-road-with-pollard-willows-1881.jpg
yes,a-man-with-a-broom-1881(1).jpg
yes,weaver-1884-4.jpg
yes,garden-of-the-asylum-and-tree-trunks-and-a-stone-bench-1889(1).jpg
yes,sketch-of-a-stooping-man-1890.jpg
yes,sheet-with-sketches-of-working-people-1890.jpg
yes,head-of-a-man-1886-1(1).jpg
yes,peasant-boy-1885.jpg
yes,snowy-landscape-with-stooping-woman.jpg
yes,landscape-with-a-tree-in-the-foreground-1888.jpg
yes,sower-with-basket-1881.jpg
yes,vincent-s-bedroom-in-arles-1889.jpg
yes,public-garden-with-couple-and-blue-fir-tree-the-poet-s-garden-iii-1888.jpg
yes,the-old-peasant-patience-escalier-with-walking-stick-half-figure-1888.jpg
yes,kettle-over-a-fire-and-a-cottage-by-night-1885.jpg
yes,people-walking-in-front-of-snow-covered-cottage-2-1890.jpg
yes,bent-figure-of-a-woman-sien-1882(1).jpg
yes,couple-walking(1).jpg
yes,cart-with-red-and-white-ox-1884(1).jpg
yes,still-life-with-coffee-pot-1888.jpg
yes,les-alyscamps-1888(2).jpg
yes,terrace-in-the-luxembourg-garden-1886.jpg
yes,sien-sewing-half-figure-1883.jpg
yes,mask-of-an-egyptian-mummy-2-1889.jpg
yes,three-hands-two-holding-forks.jpg
yes,woman-spreading-out-laundry-on-a-field-1882.jpg
yes,head-of-a-boy-with-broad-brimmed-hat-1890(1).jpg
yes,sketch-of-an-eroded-garden-wall-ornament-1890.jpg
yes,beach-with-people-walking-and-boats-1882(1).jpg
yes,sketches-of-the-old-tower-and-figures-1885.jpg
yes,old-vineyard-with-peasant-woman-1890.jpg
yes,hand-with-a-pot-the-knob-of-a-chair-and-a-hunk-of-bread-1885(1).jpg
yes,the-state-lottery-1882.jpg
yes,interior-with-peasant-woman-sewing-1885-2.jpg
yes,peasant-woman-digging-1885.jpg
yes,a-bare-treetop-in-the-garden-of-the-asylum-1889(1).jpg
yes,the-bridge-at-trinquetaille-1888.jpg
yes,standing-male-nude-seen-from-the-front-2.jpg
yes,idol-4.jpg
yes,window-of-vincent-s-studio-at-the-asylum-1889.jpg
yes,girl-kneeling-1881(1).jpg
yes,sheet-with-hands-and-several-figures-1890.jpg
yes,head-of-a-peasant-with-cap(1).jpg
yes,treetop-seen-against-the-wall-of-the-asylum-1889.jpg
yes,blossoming-almond-branch-in-a-glass-with-a-book-1888(1).jpg
yes,plowman-with-two-women-1883.jpg
yes,silhouette-of-a-man-with-a-rake.jpg
yes,zouave-sitting-whole-figure-1888.jpg
yes,luxembourg-garden-in-paris.jpg
yes,view-of-saintes-maries-with-church-and-ramparts-1888.jpg
yes,standing-male-nude-seen-from-the-front.jpg
yes,seated-man-with-a-beard-1886.jpg
yes,digger-1882-2(1).jpg
yes,peat-diggers-in-the-dunes-1883-1.jpg
yes,sower-1881.jpg
yes,sower-1881-1.jpg
yes,cypresses-with-four-people-working-in-the-field-1890(1).jpg
yes,waiting-room-1882.jpg
yes,mask-of-an-egyptian-mummy-4-1889.jpg
yes,peasant-chopping-1885-1.jpg
yes,the-road-to-tarascon-1888-1.jpg
yes,zouave-half-figure-1888.jpg
yes,still-life-with-coffee-pot-2-1888.jpg
yes,orphan-man-with-cap-eating-1882.jpg
yes,sien-s-mother-s-house-1882.jpg
yes,peasant-sitting-by-the-fireplace-worn-out-1881.jpg
yes,barn-owl-viewed-from-the-front-1887(1).jpg
yes,lumber-sale-1883.jpg
yes,garbage-dump-1883(1).jpg
yes,le-moulin-de-la-galette-4-1886.jpg
yes,head-of-a-woman-14.jpg
yes,still-life-with-four-stone-bottles-flask-and-white-cup-1884.jpg
yes,seated-girl-and-venus.jpg
yes,entrance-to-the-public-garden-in-arles-1888(1).jpg
yes,peasant-with-walking-stick-and-little-sketch-of-the-same-figure-1885.jpg
yes,portrait-of-the-art-dealer-alexander-reid-sitting-in-an-easy-chair.jpg
yes,a-sower-and-a-man-with-a-spade-1890(1).jpg
yes,avenue-of-poplars-at-sunset-1884-1(1).jpg
yes,the-terrace-of-the-tuileries-with-people-walking-1886.jpg
yes,white-house-at-night.jpg
yes,orphans-1882.jpg
yes,man-with-winnow-1881.jpg
yes,mangle-with-two-women-and-a-man-1884.jpg
yes,three-peasants-with-spades-on-a-road-in-the-rain-1890.jpg
yes,silhouette-of-a-peasant-woman-digging-carrots.jpg
yes,peasant-woman-stooping-between-sheaves-of-grain-1885.jpg
yes,man-with-a-sack-of-wood-1881.jpg
yes,sheet-with-sketches-of-diggers-and-other-figures-1890.jpg
yes,man-feeding-chickens-or-sowing-1883.jpg
yes,old-man-in-sorrow-on-the-threshold-of-eternity-1890.jpg
yes,woman-with-shawl-umbrella-and-basket-1882.jpg
yes,field-in-a-thunderstorm-1881(1).jpg
yes,meadows-near-rijswijk-1882.jpg
yes,two-men-on-a-road-with-pine-trees-1890.jpg
yes,woman-working-in-wheat-field-1890.jpg
yes,two-women-working-in-wheat-field-1890.jpg
yes,village-street-1890.jpg
yes,scheveningen-woman-standing-1881.jpg
yes,couple-dancing-1885(1).jpg
yes,peasant-woman-lifting-potatoes-3-1885.jpg
yes,hands-1885-2(1).jpg
yes,sower-with-hand-in-sack-1881-1.jpg
yes,vincent-s-house-1888.jpg
yes,the-bois-de-boulogne-with-people-walking-1886.jpg
yes,peasant-woman-head-1885-5.jpg
yes,a-sheet-with-sketches-1883(1).jpg
yes,three-studies-of-a-woman-with-a-shawl-1885.jpg
yes,cottage-with-woman-digging-1885(1).jpg
yes,sketch-of-a-donkey-1890.jpg
yes,venus-1.jpg
yes,five-men-and-a-child-in-the-snow-1883(1).jpg
yes,peasant-man-and-woman-planting-potatoes-1885.jpg
yes,orphan-man-talking-with-woman-sien-1883.jpg
yes,a-lane-of-cypresses-with-a-couple-walking-1888(1).jpg
yes,sketch-of-women-in-a-field-1890.jpg
yes,vvg.jpg
yes,study-sheet-with-seven-hands-1885.jpg
yes,standing-female-nude-seen-from-the-back-1.jpg
yes,peasant-woman-sitting-by-the-fire-1885.jpg
yes,studies-of-donkey-carts-1882.jpg
yes,cypresses-1889-2(1).jpg
yes,view-of-the-hague-with-the-new-church-1882.jpg
yes,apartment-blocks-and-miscellaneous-studies(1).jpg
yes,orphan-man-with-top-hat-standing-near-the-stove-seen-from-the-back-1882.jpg
yes,woman-churning-butter-1881.jpg
yes,a-pine-tree-and-cypresses-in-the-garden-of-the-asylum-1889(1).jpg
yes,the-bakery-in-de-geest-1882.jpg
yes,standing-female-nude-seen-from-the-side-1886.jpg
yes,girl-standing-knitting-1882(1).jpg
yes,peasant-woman-digging-seen-from-the-side-1885.jpg
yes,bench-with-three-persons-1882(1).jpg
yes,carriage-drawn-by-a-horse(1).jpg
yes,idol-and-sketches-of-venus.jpg
yes,standing-male-and-seated-female-nudes.jpg
yes,windmill-at-montmartre-1886.jpg
yes,carpenter-1882(1).jpg
yes,mademoiselle-gachet-at-the-piano-1890.jpg
yes,farmhouses-among-trees-1883(1).jpg
yes,orphan-man-standing-1882.jpg
yes,van-gogh-s-chair-1889.jpg
