0,artwork
1862,the-goat-herd-1862.jpg
1862,dog(1).jpg
1862,milk-jug.jpg
1862,the-bridge.jpg
1863,corinthian-capital-1863(1).jpg
1864,barn-and-farmhouse(1).jpg
1867,two-sketches-of-a-man-leaning-on-his-spade-1867.jpg
1873,old-woman-asleep-after-rops-1873.jpg
1873,vincent-s-boarding-house-in-hackford-road-brixton-london.jpg
1873,driveway(1).jpg
1873,canal(1).jpg
1874,austin-friars-church-london(1).jpg
1875,town-d-avray-l-etang-au-batelier-1875.jpg
1876,vicarage-and-church-at-etten-1876.jpg
1876,vicarage-at-etten-1876.jpg
1876,view-of-royal-road-ramsgate-1876.jpg
1876,view-of-royal-road-ramsgate-1876-1.jpg
1876,churches-at-petersham-and-turnham-green(1).jpg
1877,mills-in-the-neighbourhood-of-dordrecht-1877.jpg
1877,the-cave-of-machpelah-1877.jpg
1878,au-charbonnage-café-1878(1).jpg
1879,a-house-magros-1879(1).jpg
1879,a-zandmennik-house(1).jpg
1879,coal-shoveler-1879(1).jpg
1879,coalmine-in-the-borinage-1879(1).jpg
1880,miners-1880.jpg
1880,miners-in-the-snow-at-dawn-1880.jpg
1880,the-angelus-after-millet-1880.jpg
1881,a-digger-1881(1).jpg
1881,a-girl-raking-1881(1).jpg
1881,a-man-with-a-broom-1881(1).jpg
1881,a-marsh-1881(1).jpg
1881,an-old-man-putting-dry-rice-on-the-hearth-1881(1).jpg
1881,barn-with-moss-covered-roof-1881(1).jpg
1881,boy-cutting-grass-with-a-sickle-1881(1).jpg
1881,daughter-of-jacob-meyer-1881(1).jpg
1881,digger-1881(1).jpg
1881,digger-1881-1(1).jpg
1881,digger-1881-2(1).jpg
1881,farmer-leaning-on-his-spade-1881(1).jpg
1881,farmer-sitting-at-the-fireside-and-reading-1881(1).jpg
1881,field-in-a-thunderstorm-1881(1).jpg
1881,field-with-thunderstorm-1881(1).jpg
1881,french-peasant-woman-suckling-her-baby-after-dalou(1).jpg
1881,girl-kneeling-1881(1).jpg
1881,girl-kneeling-in-front-of-a-bucket-1881(1).jpg
1881,girl-with-black-cap-sitting-on-the-ground-1881(1).jpg
1881,kneeling-man-planting-1881.jpg
1881,landscape-with-trees-1881.jpg
1881,landscape-with-windmill-1881.jpg
1881,man-putting-potatoes-in-a-sack-1881.jpg
1881,man-with-a-sack-of-wood-1881.jpg
1881,man-with-saw-1881.jpg
1881,man-with-winnow-1881.jpg
1881,man-writing-facing-left-1881.jpg
1881,marsh-with-water-lillies-1881.jpg
1881,miners-women-carrying-sacks-the-bearers-of-the-burden-1881.jpg
1881,mother-at-the-cradle-and-child-sitting-on-the-floor-1881.jpg
1881,near-the-hearth-1881.jpg
1881,old-man-warming-himself-1881.jpg
1881,peasant-girl-standing-1881.jpg
1881,peasant-sitting-by-the-fireplace-worn-out-1881.jpg
1881,peasant-sitting-by-the-fireplace-worn-out-1881-1.jpg
1881,peasant-with-a-chopping-knife-1881.jpg
1881,peasant-with-a-stick-1881.jpg
1881,peasant-woman-sowing-with-a-basket-1881.jpg
1881,pollard-willow-1881.jpg
1881,portrait-of-vincent-van-gogh-the-artist-s-grandfather-1881.jpg
1881,portrait-possibly-of-willemien-van-gogh-1881.jpg
1881,reaper-with-sickle-after-millet-1881.jpg
1881,road-with-pollard-willows-1881.jpg
1881,road-with-pollard-willows-1881-1.jpg
1881,road-with-pollard-willows-1881-2.jpg
1881,road-with-pollard-willows-and-man-with-broom-1881.jpg
1881,scheveningen-woman-1881.jpg
1881,scheveningen-woman-knitting-1881.jpg
1881,scheveningen-woman-sewing-2-1881.jpg
1881,scheveningen-woman-standing-1881.jpg
1881,sculpture-and-still-life-with-cabbage-and-clogs-1881.jpg
1881,small-house-on-a-road-with-pollard-willows-1881.jpg
1881,sower-1881.jpg
1881,sower-1881-1.jpg
1881,sower-1881-2.jpg
1881,sower-after-millet-1881.jpg
1881,sower-with-basket-1881.jpg
1881,sower-with-hand-in-sack-1881.jpg
1881,sower-with-hand-in-sack-1881-1.jpg
1881,still-life-with-beer-mug-and-fruit-1881.jpg
1881,still-life-with-cabbage-and-clogs-1881.jpg
1881,the-garden-of-the-parsonage-with-arbor-1881.jpg
1881,unfinished-sketch-of-an-interior-with-a-pan-above-the-fire-1881.jpg
1881,windmils-at-dordrecht-1881.jpg
1881,woman-churning-butter-1881.jpg
1881,woman-grinding-coffee-1881.jpg
1881,woman-mending-stockings-1881.jpg
1881,woman-peeling-potatoes-near-a-window-1881.jpg
1881,woman-peeling-potatoes-near-a-window-2-1881.jpg
1881,woman-sewing-1881.jpg
1881,woman-sewing-1881-1.jpg
1881,woman-sitting-at-the-fireside-1881.jpg
1881,woman-sitting-on-a-basket-with-head-in-hands.jpg
1881,young-woman-knitting-1881.jpg
1881,young-woman-sewing-1881.jpg
1881,donkey-and-cart(1).jpg
1881,route.jpg
1881,woman-near-a-window-twice-man-with-winnow-sower-and-woman-with-broom.jpg
1882,a-carpenter-with-apron-1882(1).jpg
1882,a-girl-in-a-wood-1882(1).jpg
1882,a-girl-in-the-street-two-coaches-in-the-background-1882(1).jpg
1882,an-almshouse-man-in-a-top-hat-1882(1).jpg
1882,baby(1).jpg
1882,baby-in-a-carriage(1).jpg
1882,beach-and-boats-1882(1).jpg
1882,beach-and-sea-1882(1).jpg
1882,beach-at-scheveningen-in-calm-weather-1882(1).jpg
1882,beach-with-people-walking-and-boats-1882(1).jpg
1882,bench-in-a-wood-1882(1).jpg
1882,bench-with-four-persons-1882(1).jpg
1882,bench-with-four-persons-and-baby-1882(1).jpg
1882,bench-with-three-persons-1882(1).jpg
1882,bending-woman-1882(1).jpg
1882,bent-figure-of-a-woman-1882(1).jpg
1882,bent-figure-of-a-woman-sien-1882(1).jpg
1882,bleaching-ground-1882(1).jpg
1882,bridge-and-houses-on-the-corner-of-herengracht-prinsessegracht-1882(1).jpg
1882,carpenter-1882(1).jpg
1882,carpenter-seen-from-the-back-1882(1).jpg
1882,carpenter-s-workshop-seen-from-the-artist-s-studio-1882(1).jpg
1882,carpenter-s-yard-and-laundry-1882(1).jpg
1882,church-pew-with-worshippers-1882(1).jpg
1882,cluster-of-old-houses-with-the-new-church-in-the-hague-1882(1).jpg
1882,country-lane-with-trees-1882(1).jpg
1882,cradle-1882(1).jpg
1882,digger-1882(1).jpg
1882,digger-1882-1(1).jpg
1882,digger-1882-2(1).jpg
1882,digger-1882-3(1).jpg
1882,diggers-in-torn-up-street-1882(1).jpg
1882,donkey-cart-with-boy-and-scheveningen-woman-1882(1).jpg
1882,dunes-1882(1).jpg
1882,dunes-with-figures-1882(1).jpg
1882,dunes-with-figures-1882-1(1).jpg
1882,edge-of-a-wood-1882(1).jpg
1882,entrance-to-the-pawn-bank-the-hague-1882(1).jpg
1882,factory-1882(1).jpg
1882,figure-of-a-woman-with-unfinished-chair-1882(1).jpg
1882,fish-drying-barn-1882(1).jpg
1882,fish-drying-barn-in-scheveningen-1882(1).jpg
1882,fish-drying-barn-seen-from-a-height-1882(1).jpg
1882,fisherman-on-the-beach-1882(1).jpg
1882,fisherman-with-basket-on-his-back-1882(1).jpg
1882,fisherman-s-wife-on-the-beach-1882(1).jpg
1882,four-men-cutting-wood-1882(1).jpg
1882,four-people-on-a-bench-1882(1).jpg
1882,gasworks-1882(1).jpg
1882,girl-carrying-a-loaf-of-bread-1882(1).jpg
1882,girl-in-the-woods-1882(1).jpg
1882,girl-in-white-in-the-woods-1882(1).jpg
1882,girl-near-the-stove-grinding-coffee-1882(1).jpg
1882,girl-sitting-knitting-1882(1).jpg
1882,girl-standing-knitting-1882(1).jpg
1882,group-of-people-on-the-beach-with-fishing-boat-arriving-1882(1).jpg
1882,head-of-a-woman-1882.jpg
1882,iron-mill-in-the-hague-1882.jpg
1882,lower-part-of-the-windmill-de-laakmolen-1882.jpg
1882,man-and-woman-seen-from-the-back-1882.jpg
1882,man-carrying-peat-1882.jpg
1882,man-sitting-by-the-stove-the-pauper-1882.jpg
1882,man-sitting-with-a-glass-in-his-hand-1882.jpg
1882,man-stooping-with-stick-or-spade-1882.jpg
1882,man-with-his-head-in-his-hands-1882.jpg
1882,man-with-pipe-and-eye-bandage-1882.jpg
1882,man-with-top-hat-1882.jpg
1882,man-sitting-reading-a-book-1882.jpg
1882,man-standing-with-arms-folded-1882.jpg
1882,man-standing-reading-a-book-1882.jpg
1882,meadow-in-the-background-new-church-1882.jpg
1882,meadows-near-rijswijk-1882.jpg
1882,meadows-near-rijswijk-and-the-schenkweg-1882.jpg
1882,miners-in-the-snow-winter-1882.jpg
1882,miners-wives-carrying-sacks-of-coal-1882.jpg
1882,nude-woman-half-length-1882.jpg
1882,old-man-in-a-tail-coat-1882.jpg
1882,old-man-reading-1882.jpg
1882,old-man-with-a-stick-1882.jpg
1882,old-man-with-a-top-hat-1882.jpg
1882,old-street-the-paddemoes-1882.jpg
1882,old-woman-seen-from-behind-1882.jpg
1882,old-woman-with-a-shawl-and-a-walking-stick-1882.jpg
1882,orphan-man-1882.jpg
1882,orphan-man-holding-top-hat-in-his-hand-1882.jpg
1882,orphan-man-holding-top-hat-in-his-hand-1882-1.jpg
1882,orphan-man-in-sunday-clothes-with-eye-bandage-1882.jpg
1882,orphan-man-with-cap-and-stick-1882.jpg
1882,orphan-man-with-cap-and-walking-stick-1882.jpg
1882,orphan-man-with-cap-eating-1882.jpg
1882,orphan-man-with-cap-seen-from-the-back-1882.jpg
1882,orphan-man-with-long-overcoat-and-umbrella-seen-from-the-back-1882.jpg
1882,orphan-man-with-long-overcoat-and-umbrella-seen-from-the-back-2-1882.jpg
1882,orphan-man-with-long-overcoat-cleaning-boots-1882.jpg
1882,orphan-man-with-long-overcoat-glass-and-handkerchief-1882.jpg
1882,orphan-man-with-top-hat-and-hands-crossed-1882.jpg
1882,orphan-man-with-top-hat-and-umbrella-looking-at-his-watch-1882.jpg
1882,orphan-man-with-top-hat-and-umbrella-under-his-arm-1882.jpg
1882,orphan-man-with-top-hat-drinking-coffee-1882.jpg
1882,orphan-man-with-top-hat-drinking-coffee-1882-1.jpg
1882,orphan-man-with-top-hat-eating-from-a-plate-1882.jpg
1882,orphan-man-with-top-hat-head-1882.jpg
1882,orphan-man-with-top-hat-holding-cup-1882.jpg
1882,orphan-man-with-top-hat-standing-near-the-stove-seen-from-the-back-1882.jpg
1882,orphan-man-with-umbrella-seen-from-the-back-1882.jpg
1882,orphan-man-sitting-with-a-girl-1882.jpg
1882,orphan-man-standing-1882.jpg
1882,orphan-man-wearing-a-blouse-sitting-with-pipe-1882.jpg
1882,orphan-man-wearing-a-blouse-with-broom-and-pipe-1882.jpg
1882,orphans-1882.jpg
1882,people-strolling-on-the-beach-1882.jpg
1882,people-walking-on-the-beach-1882.jpg
1882,pollard-willow-1882.jpg
1882,pollard-willow-1882-1.jpg
1882,potato-field-1882.jpg
1882,prayer-before-the-meal-1882.jpg
1882,rooftops-1882.jpg
1882,sand-diggers-1882.jpg
1882,saw-mill-1882.jpg
1882,scheveningen-road-1882.jpg
1882,scheveningen-woman-sewing-1882.jpg
1882,scheveningen-women-and-other-people-under-umbrellas-1882.jpg
1882,shores-of-scheveningen-1882.jpg
1882,sien-nursing-baby-1882.jpg
1882,sien-nursing-baby-1882-1.jpg
1882,sien-nursing-baby-half-figure-1882.jpg
1882,sien-nursing-baby-half-figure-1882-1.jpg
1882,sien-pregnant-walking-with-older-woman-1882.jpg
1882,sien-under-umbrella-with-girl-1882.jpg
1882,sien-with-child-on-her-lap-1882.jpg
1882,sien-with-cigar-sitting-on-the-floor-near-stove-1882.jpg
1882,sien-with-umbrella-and-prayer-book-1882.jpg
1882,sien-s-mother-s-house-1882.jpg
1882,sien-s-mother-s-house-seen-from-the-backyard-1882.jpg
1882,sien-s-mother-s-house-closer-view-1882.jpg
1882,sorrow-1882.jpg
1882,sorrow-1882-1.jpg
1882,sorrow-1882-2.jpg
1882,sower-1882.jpg
1882,sower-1882-1.jpg
1882,sower-1882-2.jpg
1882,sower-1882-3.jpg
1882,sowers-1882.jpg
1882,standing-woman-half-length-1882.jpg
1882,state-lottery-office-1882.jpg
1882,station-in-the-hague-1882.jpg
1882,studies-of-donkey-carts-1882.jpg
1882,study-of-a-tree-1882.jpg
1882,sunset-over-a-meadow-1882.jpg
1882,the-bakery-in-de-geest-1882.jpg
1882,the-bench-1882.jpg
1882,the-bookseller-blok-1882(1).jpg
1882,the-fish-drying-barn-at-scheveningen.jpg
1882,the-houses-on-schenkweg-where-van-gogh-lived-1882.jpg
1882,the-schenkweg-1882.jpg
1882,the-state-lottery-1882.jpg
1882,torn-up-street-with-diggers-1882.jpg
1882,two-boys-near-a-cart-1882.jpg
1882,two-men-with-a-four-wheeled-wagon-1882.jpg
1882,two-women-1882.jpg
1882,two-women-in-the-woods-1882.jpg
1882,van-stolkpark-1882.jpg
1882,view-of-scheveningen-1882.jpg
1882,view-of-the-hague-with-the-new-church-1882.jpg
1882,view-of-the-sea-at-scheveningen-1882.jpg
1882,waiting-room-1882.jpg
1882,woman-at-the-window-knitting-1882.jpg
1882,woman-in-a-dark-dress-sien-s-mother-1882.jpg
1882,woman-on-a-road-with-pollard-willows-1882.jpg
1882,woman-sien-with-baby-on-her-lap-half-figure-1882.jpg
1882,woman-spreading-out-laundry-on-a-field-1882.jpg
1882,woman-with-a-broom-1882.jpg
1882,woman-with-a-broom-1882-1.jpg
1882,woman-with-dark-cap-sien-s-mother-1882.jpg
1882,woman-with-hat-coat-and-pleated-dress-1882.jpg
1882,woman-with-hat-head-1882.jpg
1882,woman-with-kettle-seen-from-the-back-1882.jpg
1882,woman-with-shawl-umbrella-and-basket-1882.jpg
1882,woman-with-white-bonnet-sien-s-mother-1882.jpg
1882,woman-with-white-shawl-in-a-wood-1882.jpg
1882,women-mending-nets-in-the-dunes-1882.jpg
1882,women-miners-1882.jpg
1882,woody-landscape-after-the-rain-1882.jpg
1882,workman-sitting-on-a-basket-cutting-bread-1882.jpg
1882,worn-out-1882.jpg
1882,young-man-with-a-broom-1882.jpg
1882,bridge-near-the-schenkweg(1).jpg
1882,blacksmith-shop(1).jpg
1882,boy-with-cap-and-clogs(1).jpg
1882,boy-with-spade(1).jpg
1883,a-sheet-with-sketches-1883(1).jpg
1883,baby-1(1).jpg
1883,baby-crawling(1).jpg
1883,breakwater-1883(1).jpg
1883,bulb-fields-1883(1).jpg
1883,cemetery-1883(1).jpg
1883,churchyard-in-the-rain-1883(1).jpg
1883,churchyard-in-the-rain-1883-1(1).jpg
1883,churchyard-in-winter-1883(1).jpg
1883,churchyard-in-winter-1883-1(1).jpg
1883,cottages-1883(1).jpg
1883,drawbridge-in-nieuw-amsterdam-1883(1).jpg
1883,farmhouse-1883(1).jpg
1883,farmhouse-at-night-1883(1).jpg
1883,farmhouse-with-barn-and-trees-1883(1).jpg
1883,farmhouse-with-peat-stacks-1883(1).jpg
1883,farmhouses-among-trees-1883(1).jpg
1883,farmhouses-in-loosduinen-near-the-hague-at-twilight-1883(1).jpg
1883,figures-in-a-winter-landscape-1883(1).jpg
1883,fisherman-in-jacket-with-upturned-collar-1883(1).jpg
1883,fisherman-with-sou-wester-1883(1).jpg
1883,fisherman-with-sou-wester-head-1883(1).jpg
1883,fisherman-with-sou-wester-head-1883-1(1).jpg
1883,fisherman-with-sou-wester-pipe-and-coal-pan-1883(1).jpg
1883,fisherman-with-sou-wester-sitting-with-pipe-1883(1).jpg
1883,fisherman-with-sou-wester-sitting-with-pipe-1883-1(1).jpg
1883,five-men-and-a-child-in-the-snow-1883(1).jpg
1883,funeral-in-the-snow-near-the-old-tower-1883(1).jpg
1883,garbage-dump-1883(1).jpg
1883,garbage-dump-1883-1(1).jpg
1883,gardener-near-a-gnarled-apple-tree-1883(1).jpg
1883,girl-kneeling-by-a-cradle-1883(1).jpg
1883,girl-kneeling-in-front-of-a-cradle-1883(1).jpg
1883,girl-with-a-shawl-1883(1).jpg
1883,girl-with-pinafore-half-figure-1883(1).jpg
1883,girl-with-shawl-half-figure-1883(1).jpg
1883,head-of-a-fisherman-with-a-fringe-of-beard-and-a-sou-wester(1).jpg
1883,head-of-a-fisherman-with-a-sou-wester-1883(1).jpg
1883,head-of-a-fisherman-with-a-sou-wester-1883-1(1).jpg
1883,head-of-a-woman-1883.jpg
1883,head-of-a-woman.jpg
1883,head-of-a-woman-1.jpg
1883,head-of-a-woman-2.jpg
1883,head-of-a-woman-3.jpg
1883,interior-with-a-weaver-facing-right-1883.jpg
1883,landscape-in-drenthe-1883.jpg
1883,landscape-with-a-church-1883.jpg
1883,landscape-with-a-church-1883-1.jpg
1883,landscape-with-a-farm-1883.jpg
1883,landscape-with-a-stack-of-peat-and-farmhouses-1883.jpg
1883,landscape-with-bog-oak-trunks-1883.jpg
1883,landscape-with-dunes-1883.jpg
1883,landscape-with-woman-walking-1883.jpg
1883,lange-vijverberg-hague-1883.jpg
1883,lumber-sale-1883.jpg
1883,lying-cow-1883.jpg
1883,man-breaking-up-the-soil-1883.jpg
1883,man-feeding-chickens-or-sowing-1883.jpg
1883,man-in-a-village-inn-1883.jpg
1883,man-praying-1883.jpg
1883,man-pulling-a-harrow-1883.jpg
1883,man-with-rake-1883.jpg
1883,melancholy-1883.jpg
1883,old-nag-1883.jpg
1883,orphan-man-talking-with-woman-sien-1883.jpg
1883,orphan-man-with-a-baby-in-his-arms-1883.jpg
1883,orphan-man-with-cap-half-length-1883.jpg
1883,orphan-man-with-cap-head-1883.jpg
1883,orphan-man-with-pickax-on-his-shoulder-1883.jpg
1883,orphan-man-bareheaded-1883.jpg
1883,path-to-the-beach-1883.jpg
1883,peasant-burning-weeds-1883.jpg
1883,peasant-burning-weeds-and-farmhouse-at-night-1883.jpg
1883,peat-diggers-in-the-dunes-1883.jpg
1883,peat-diggers-in-the-dunes-1883-1.jpg
1883,people-in-the-studio-1883.jpg
1883,ploughman-and-three-women-1883.jpg
1883,plowman-with-stooping-woman-and-a-little-farmhouse-with-piles-of-peat-1883.jpg
1883,plowman-with-two-women-1883.jpg
1883,potato-field-behind-the-dunes-1883.jpg
1883,sand-diggers-in-dekkersduin-near-the-hague-1883.jpg
1883,sand-diggers-in-dekkersduin-near-the-hague-2-1883.jpg
1883,scheveningen-woman-with-wheeelbarrow-1883.jpg
1883,shepherd-with-flock-near-a-little-church-at-zweeloo-1883.jpg
1883,sien-peeling-potatoes-1883.jpg
1883,sien-sewing-half-figure-1883.jpg
1883,sien-sewing-half-figure-1883-1.jpg
1883,snowy-landscape-with-stooping-woman-1883.jpg
1883,snowy-landscape-with-the-old-tower-1883.jpg
1883,snowy-yard-1883.jpg
1883,soup-distribution-in-a-public-soup-kitchen-1883.jpg
1883,stooping-woman-in-landscape-1883.jpg
1883,stooping-woman-with-net-1883.jpg
1883,the-church-in-nuenen-in-winter-1883.jpg
1883,the-heath-with-a-wheelbarrow-1883.jpg
1883,the-landscape-in-drenthe-1883.jpg
1883,the-public-soup-kitchen-1883.jpg
1883,the-public-soup-kitchen-1883-1.jpg
1883,three-persons-returning-from-the-potato-field-1883.jpg
1883,two-women-in-the-moor-1883.jpg
1883,two-women-kneeling-1883.jpg
1883,view-from-the-window-of-vincent-s-studio-in-winter-1883.jpg
1883,view-from-the-window-of-vincent-s-studio-in-winter-1883-1.jpg
1883,weed-burner-sitting-on-a-wheelbarrow-with-his-wife-1883.jpg
1883,woman-digging-1883.jpg
1883,woman-feeding-chickens-1883.jpg
1883,woman-praying-1883.jpg
1883,woman-sewing-with-a-girl-1883.jpg
1883,woman-sitting-on-a-basket-with-head-in-hands-1883.jpg
1883,woman-sitting-on-a-basket-sewing-1883.jpg
1883,woman-with-a-child-on-her-lap-1883.jpg
1883,woman-with-a-fork-in-a-winter-landscape-1883.jpg
1883,woman-with-baby-on-her-lap-half-length-1883.jpg
1883,woman-with-folded-hands-half-length-1883.jpg
1883,woman-with-shawl-over-her-hair-head-1883.jpg
1883,woman-with-shawl-sewing-1883.jpg
1883,woman-with-white-bonnet-sien-s-mother-1883.jpg
1883,woman-with-white-cloth-around-her-head-sitting-on-a-bench-1883.jpg
1883,woman-s-head-1883.jpg
1883,women-working-in-the-peat-1883.jpg
1883,workman-beside-a-mound-of-peat-and-a-peat-boat-with-two-figures-1883.jpg
1883,workman-with-spade-sitting-near-the-window-1883.jpg
1883,young-man-sitting-with-a-cup-in-his-hand-half-length-1883.jpg
1883,blind-man-sitting-in-interior(1).jpg
1883,landscape.jpg
1884,alley-bordered-by-trees-1884(1).jpg
1884,at-the-plough-1884(1).jpg
1884,avenue-of-poplars-1884(1).jpg
1884,avenue-of-poplars-at-sunset-1884(1).jpg
1884,avenue-of-poplars-at-sunset-1884-1(1).jpg
1884,behind-the-hedges-1884(1).jpg
1884,cart-with-black-ox-1884(1).jpg
1884,cart-with-red-and-white-ox-1884(1).jpg
1884,church-in-nuenen-with-one-figure(1).jpg
1884,congregation-leaving-the-reformed-church-in-nuenen-1884(1).jpg
1884,ditch-1884(1).jpg
1884,gardener-with-a-wheelbarrow-1884(1).jpg
1884,head-of-a-girl-bareheaded-and-head-of-a-man-with-beard-and-cap(1).jpg
1884,head-of-a-peasant-woman-1884(1).jpg
1884,head-of-a-peasant-woman-with-white-cap-1884(1).jpg
1884,head-of-a-woman-1884.jpg
1884,head-of-an-old-peasant-woman-with-white-cap-1884.jpg
1884,head-of-an-old-peasant-woman-with-white-cap-1884-1.jpg
1884,houses-with-thatched-roofs-1884.jpg
1884,landscape-at-nuenen.jpg
1884,landscape-with-pollard-willows-1884.jpg
1884,landscape-with-willows-and-sun-shining-through-the-clouds-1884.jpg
1884,lane-in-autumn-1884.jpg
1884,lane-with-trees-and-one-figure-1884.jpg
1884,man-winding-yarn-1884.jpg
1884,mangle-with-two-women-and-a-man-1884.jpg
1884,new-born-calf-lying-on-straw.jpg
1884,old-man-reeling-yarn-1884.jpg
1884,oxcart-in-the-snow-1884.jpg
1884,parsonage-garden-1884.jpg
1884,parsonage-garden-1884-1.jpg
1884,parsonage-with-flowering-trees-1884.jpg
1884,part-of-a-portrait-of-anthon-van-rappard-1884.jpg
1884,peasant-woman-head-1884.jpg
1884,peasant-woman-head-1884-1.jpg
1884,peasant-woman-head.jpg
1884,peasant-woman-head-1.jpg
1884,peasant-woman-head-2.jpg
1884,peasant-woman-head-3.jpg
1884,peasant-woman-head-4.jpg
1884,peasant-woman-head-5.jpg
1884,peasant-woman-head-6.jpg
1884,peasant-woman-head-7.jpg
1884,peasant-woman-head-8.jpg
1884,peasant-woman-stooping-to-the-left.jpg
1884,peasants-planting-potatoes-1884.jpg
1884,pine-trees-in-the-fen-1884.jpg
1884,ploughman-with-woman-planting-potatoes-1884.jpg
1884,pollard-birches-1884.jpg
1884,poplar-trees-1884.jpg
1884,potato-harvest-with-two-figures-1884.jpg
1884,shepherd-with-a-flock-of-sheep-1884.jpg
1884,sketches-of-heads-1884.jpg
1884,sower-1884.jpg
1884,still-life-of-paintbrushes-in-a-flowerpot-1884.jpg
1884,still-life-with-clogs-and-pots-1884.jpg
1884,still-life-with-coffee-mill-pipe-case-and-jug-1884.jpg
1884,still-life-with-five-bottles-1884.jpg
1884,still-life-with-four-stone-bottles-flask-and-white-cup-1884.jpg
1884,still-life-with-two-sacks-and-a-bottle-1884.jpg
1884,the-kingfisher-1884.jpg
1884,the-old-tower-1884.jpg
1884,the-old-tower-in-the-fields-1884.jpg
1884,the-vicarage-garden-1884.jpg
1884,three-hands.jpg
1884,three-hands-2.jpg
1884,three-hands-3.jpg
1884,three-hands-two-holding-forks.jpg
1884,three-hands-two-with-knives.jpg
1884,three-woodcutters-walking-1884.jpg
1884,two-rats-1884.jpg
1884,vase-with-honesty-1884.jpg
1884,vicarage-at-nuenen-1884.jpg
1884,village-at-sunset-1884.jpg
1884,water-wheels-of-mill-at-gennep-1884.jpg
1884,watermill-at-gennep-1884.jpg
1884,weaver-1884.jpg
1884,weaver-1884-1.jpg
1884,weaver-1884-2.jpg
1884,weaver-1884-3.jpg
1884,weaver-1884-4.jpg
1884,weaver-1884-5.jpg
1884,weaver-facing-left-1884.jpg
1884,weaver-facing-left-1884-1.jpg
1884,weaver-facing-right-1884.jpg
1884,weaver-facing-right-interior-with-one-window-and-high-chair-1884.jpg
1884,weaver-near-an-open-window-1884.jpg
1884,weaver-standing-in-front-of-a-loom-1884.jpg
1884,weaver-with-other-figures-in-front-of-loom-1884.jpg
1884,weaver-arranging-threads-1884.jpg
1884,weaver-seen-from-the-front-1884.jpg
1884,weaver-with-a-baby-in-a-highchair-1884.jpg
1884,wheat-harvest-1884.jpg
1884,winter-garden-1884.jpg
1884,woman-reeling-yarn-1884.jpg
1884,woman-reeling-yarn-1884-1.jpg
1884,woman-with-wheelbarrow-at-night-1884.jpg
1884,wood-gatherer-figure-study-1884.jpg
1884,wood-gatherers-in-the-snow-1884.jpg
1884,young-man-with-a-pipe-1884.jpg
1884,watermill-in-kollen-near-nuenen-1884.jpg
1884,landscape-with-windswept-trees-1884.jpg
1884,two-hands.jpg
1884,interior-with-woman-sewing.jpg
1885,autumn-landscape-1885(1).jpg
1885,autumn-landscape-at-dusk-1885(1).jpg
1885,autumn-landscape-with-four-trees-1885(1).jpg
1885,backyards-of-old-houses-in-antwerp-in-the-snow-1885.jpg
1885,basket-of-potatoes-1885(1).jpg
1885,basket-of-potatoes-1885-1(1).jpg
1885,baskets-of-potatoes-1885(1).jpg
1885,beer-tankards-1885(1).jpg
1885,bird-s-nest-1885(1).jpg
1885,bobbin-winder-1885(1).jpg
1885,building-in-eindhoven-the-weigh-house-1885(1).jpg
1885,city-view(1).jpg
1885,clock-clog-with-cutlery-and-a-spoon-rack-1885(1).jpg
1885,cottage-and-woman-with-goat-1885(1).jpg
1885,cottage-with-decrepit-barn-and-stooping-woman-1885(1).jpg
1885,cottage-with-peasant-coming-home-1885(1).jpg
1885,cottage-with-peasant-woman-digging-1885(1).jpg
1885,cottage-with-trees-1885(1).jpg
1885,cottage-with-trees-1885-1(1).jpg
1885,cottage-with-trees-and-peasant-woman-1885(1).jpg
1885,cottage-with-woman-digging-1885(1).jpg
1885,country-churchyard-and-old-church-tower-1885(1).jpg
1885,country-lane-with-two-figures-1885(1).jpg
1885,couple-dancing-1885(1).jpg
1885,dance-hall-1885(1).jpg
1885,digger-in-a-potato-field-february-1885(1).jpg
1885,entrance-to-the-old-tower-1885(1).jpg
1885,feet-1885(1).jpg
1885,feet-1885-1(1).jpg
1885,five-persons-at-a-meal-1885(1).jpg
1885,four-hands(1).jpg
1885,four-hands-two-holding-bowls-1885(1).jpg
1885,four-peasants-at-a-meal-study-for-the-potato-eaters-1885(1).jpg
1885,four-people-sharing-a-meal-1885(1).jpg
1885,garden-in-the-snow-1885(1).jpg
1885,gordina-de-groot-head-1885(1).jpg
1885,hand-1885(1).jpg
1885,hand-1885-1(1).jpg
1885,hand-with-a-pot-the-knob-of-a-chair-and-a-hunk-of-bread-1885(1).jpg
1885,hand-with-a-stick-and-four-people-sharing-a-meal-1885(1).jpg
1885,hand-with-bowl-and-a-cat-1885(1).jpg
1885,hands-1885(1).jpg
1885,hands-1885-1(1).jpg
1885,hands-1885-2(1).jpg
1885,hands-with-a-stick-1885(1).jpg
1885,head-of-a-brabant-peasant-woman-with-dark-cap-1885(1).jpg
1885,head-of-a-man-1885(1).jpg
1885,head-of-a-man-1(1).jpg
1885,head-of-a-man-2(1).jpg
1885,head-of-a-man-with-cap-1885(1).jpg
1885,head-of-a-man-with-straw-hat-1885(1).jpg
1885,head-of-a-man-bareheaded-1885(1).jpg
1885,head-of-a-man-bareheaded-1885-1(1).jpg
1885,head-of-a-peasant-1885(1).jpg
1885,head-of-a-peasant-study-for-the-potato-eaters-1885(1).jpg
1885,head-of-a-peasant-with-a-pipe-1885(1).jpg
1885,head-of-a-peasant-woman-in-a-green-shawl-1885(1).jpg
1885,head-of-a-peasant-woman-with-brownish-cap-1885(1).jpg
1885,head-of-a-peasant-woman-with-dark-cap-1885(1).jpg
1885,head-of-a-peasant-woman-with-dark-cap-1885-1(1).jpg
1885,head-of-a-peasant-woman-with-dark-cap-1885-2(1).jpg
1885,head-of-a-peasant-woman-with-dark-cap-1885-3(1).jpg
1885,head-of-a-peasant-woman-with-dark-cap-1885-4(1).jpg
1885,head-of-a-peasant-woman-with-dark-cap-1885-5(1).jpg
1885,head-of-a-peasant-woman-with-dark-cap-1885-6(1).jpg
1885,head-of-a-peasant-woman-with-dark-cap-1885-7(1).jpg
1885,head-of-a-peasant-woman-with-greenish-lace-cap-1885(1).jpg
1885,head-of-a-peasant-woman-with-white-cap-1885(1).jpg
1885,head-of-a-peasant-woman-with-white-cap-1885-1(1).jpg
1885,head-of-a-peasant-woman-with-white-cap-1885-2(1).jpg
1885,head-of-a-peasant-woman-with-white-cap-1885-3(1).jpg
1885,head-of-a-peasant-woman-with-white-cap-1885-4(1).jpg
1885,head-of-a-peasant-woman-with-white-cap-1885-5(1).jpg
1885,head-of-a-peasant-woman-with-white-cap-1885-6.jpg
1885,head-of-a-woman-1885.jpg
1885,head-of-a-woman-4.jpg
1885,head-of-a-woman-5(1).jpg
1885,head-of-a-woman-6(1).jpg
1885,head-of-a-woman-7(1).jpg
1885,head-of-a-woman-8.jpg
1885,head-of-a-woman-9.jpg
1885,head-of-a-woman-10.jpg
1885,head-of-a-woman-11.jpg
1885,head-of-a-woman-12.jpg
1885,head-of-a-woman-13.jpg
1885,head-of-a-woman-14.jpg
1885,head-of-a-woman-15.jpg
1885,head-of-a-woman-16.jpg
1885,head-of-a-woman-17.jpg
1885,head-of-a-woman-with-her-hair-loose-1885(1).jpg
1885,head-of-a-young-man(2).jpg
1885,head-of-a-young-man-1.jpg
1885,head-of-a-young-man-2.jpg
1885,head-of-a-young-man-with-a-pipe.jpg
1885,head-of-a-young-peasant-in-a-peaked-cap-1885.jpg
1885,head-of-a-young-peasant-woman-with-dark-cap-1885.jpg
1885,head-of-an-old-woman-with-white-cap-the-midwife-1885(2).jpg
1885,honesty-in-a-vase-1885.jpg
1885,interior-with-peasant-woman-peeling-potatoes-1885.jpg
1885,interior-with-peasant-woman-sewing-1885.jpg
1885,interior-with-peasant-woman-sewing-1885-1.jpg
1885,interior-with-peasant-woman-sewing-1885-2.jpg
1885,interior-with-peasant-woman-sewing-1885-3.jpg
1885,interior-with-peasant-woman-sewing-1885-4.jpg
1885,interior-with-peasant-woman-sitting-near-the-fireplace-1885.jpg
1885,interior-with-peasant-woman-sitting-near-the-fireplace-1885-1.jpg
1885,kettle-over-a-fire-and-a-cottage-by-night-1885.jpg
1885,landscape-at-dusk-1885.jpg
1885,landscape-at-sunset-1885.jpg
1885,landscape-in-stormy-weather-1885.jpg
1885,landscape-with-a-church-and-houses-1885.jpg
1885,landscape-with-cottages-and-a-mill-1885.jpg
1885,lane-with-poplars-near-nuenen-1885.jpg
1885,lap-with-hands.jpg
1885,lap-with-hands-and-a-bowl.jpg
1885,man-and-woman-sharing-a-meal-1885.jpg
1885,man-loading-a-cart-1885.jpg
1885,man-with-bowler-1885.jpg
1885,parsonage-garden-at-dusk-1885.jpg
1885,parsonage-garden-in-the-snow-with-three-figures-1885.jpg
1885,peasant-and-peasant-woman-planting-potatoes-1885.jpg
1885,peasant-boy-1885.jpg
1885,peasant-boy-digging-1885.jpg
1885,peasant-digging-1885.jpg
1885,peasant-girl-half-figure-2-1885.jpg
1885,peasant-lifting-beet-1885.jpg
1885,peasant-lifting-potatoes-1885.jpg
1885,peasant-lifting-potatoes-2-1885.jpg
1885,peasant-man-and-woman-planting-potatoes-1885.jpg
1885,peasant-man-and-woman-planting-potatoes-1885-1.jpg
1885,peasant-man-and-woman-digging-1885.jpg
1885,peasant-with-sickle-1885.jpg
1885,peasant-with-sickle-seen-from-the-back-1885.jpg
1885,peasant-with-sickle-seen-from-the-back-1885-1.jpg
1885,peasant-with-sickle-seen-from-the-back-1885-2.jpg
1885,peasant-with-sickle-seen-from-the-back-1885-3.jpg
1885,peasant-with-sickle-seen-from-the-back-1885-4.jpg
1885,peasant-with-sickle-seen-from-the-back-1885-5.jpg
1885,peasant-with-walking-stick-and-little-sketch-of-the-same-figure-1885.jpg
1885,peasant-woman-1885.jpg
1885,peasant-woman-at-the-washtub-1885.jpg
1885,peasant-woman-at-the-washtub-and-peasant-woman-hanging-up-the-laundry-1885.jpg
1885,peasant-woman-bending-over-1885.jpg
1885,peasant-woman-binding-sheaves-1885.jpg
1885,peasant-woman-by-the-hearth.jpg
1885,peasant-woman-digging-1885.jpg
1885,peasant-woman-digging-1885-1.jpg
1885,peasant-woman-digging-1885-2.jpg
1885,peasant-woman-gleaning-1885.jpg
1885,peasant-woman-gleaning-1885-1.jpg
1885,peasant-woman-lifting-potatoes-1885.jpg
1885,peasant-woman-lifting-potatoes-2-1885.jpg
1885,peasant-woman-lifting-potatoes-3-1885.jpg
1885,peasant-woman-lifting-potatoes-4-1885.jpg
1885,peasant-woman-lifting-potatoes-5-1885.jpg
1885,peasant-woman-lifting-potatoes-6-1885.jpg
1885,peasant-woman-peeling-potatoes-1885.jpg
1885,peasant-woman-reeling-yarn-1885.jpg
1885,peasant-woman-stooping-and-gleaning-1885.jpg
1885,peasant-woman-stooping-and-gleaning-1885-1.jpg
1885,peasant-woman-with-a-bucket-1885.jpg
1885,peasant-woman-with-a-child-in-her-lap-1885.jpg
1885,peasant-woman-with-broom-1885.jpg
1885,peasant-woman-with-broom-1885-1.jpg
1885,peasant-woman-with-shawl-over-her-head-seen-from-the-back-1885.jpg
1885,peasant-woman-with-shawl-over-her-head-seen-from-the-side-1885.jpg
1885,peasant-woman-with-shawl-over-her-head-seen-from-the-side-2-1885.jpg
1885,peasant-woman-with-spade-1885.jpg
1885,peasant-woman-binding-a-sheaf-of-grain-1885.jpg
1885,peasant-woman-carrying-a-sheaf-of-grain-1885.jpg
1885,peasant-woman-carrying-wheat-in-her-apron-1885.jpg
1885,peasant-woman-digging-seen-from-the-side-1885.jpg
1885,peasant-woman-head-1885.jpg
1885,peasant-woman-head-1885-1.jpg
1885,peasant-woman-head-1885-2.jpg
1885,peasant-woman-head-1885-3.jpg
1885,peasant-woman-head-1885-4.jpg
1885,peasant-woman-head-1885-5.jpg
1885,peasant-woman-kneeling-with-chopper-1885.jpg
1885,peasant-woman-kneeling-possibly-digging-up-carrots-1885.jpg
1885,peasant-woman-kneeling-seen-from-the-back-1885.jpg
1885,peasant-woman-picking-up-a-sheaf-of-grain-1885.jpg
1885,peasant-woman-pitching-wheat-or-hay-1885.jpg
1885,peasant-woman-pitching-wheat-or-hay-1885-1.jpg
1885,peasant-woman-planting-beets-1885.jpg
1885,peasant-woman-planting-beets-2-1885.jpg
1885,peasant-woman-planting-potatoes-1885.jpg
1885,peasant-woman-portrait-of-gordina-de-groot-1885.jpg
1885,peasant-woman-portrait-of-gordina-de-groot-1885-1.jpg
1885,peasant-woman-seated-1885.jpg
1885,peasant-woman-seen-against-the-window-head-and-whole-figure-1885.jpg
1885,peasant-woman-seen-against-the-window-two-heads-1885.jpg
1885,peasant-woman-sitting-by-the-fire-1885.jpg
1885,peasant-woman-sitting-with-chin-in-hand-1885.jpg
1885,peasant-woman-standing-near-a-ditch-or-pool-1885.jpg
1885,peasant-woman-stooping-1885.jpg
1885,peasant-woman-stooping-2-1885.jpg
1885,peasant-woman-stooping-between-sheaves-of-grain-1885.jpg
1885,peasant-woman-stooping-with-a-spade-digging-up-carrots-1885.jpg
1885,peasant-woman-stooping-with-spade-possibly-digging-up-carrots.jpg
1885,peasant-woman-stooping-seen-from-the-back-1885.jpg
1885,peasant-woman-tossing-hay-seen-from-the-back-1885.jpg
1885,peasant-woman-two-heads-1885.jpg
1885,peasant-woman-walking-1885.jpg
1885,peasant-woman-working-with-a-long-stick-1885.jpg
1885,peasant-chopping-1885.jpg
1885,peasant-chopping-1885-1.jpg
1885,peasant-seen-from-the-back-and-three-hands-holding-a-stick-1885.jpg
1885,peasant-walking-with-a-wheelbarrow-1885.jpg
1885,people-walking-in-eindhoven-1885.jpg
1885,planting-beets-1885.jpg
1885,plate-with-cutlery-and-a-kettle-1885.jpg
1885,portrait-of-a-woman-1885.jpg
1885,portrait-of-a-woman-head-of-a-peasant-woman-with-bonnet.jpg
1885,portrait-of-a-woman-with-a-red-ribbon-1885.jpg
1885,portrait-of-an-old-man-with-beard-1885.jpg
1885,portrait-of-woman-in-blue-1885.jpg
1885,quayside-with-ships-in-antwerp-1885.jpg
1885,reaper-1885.jpg
1885,reaper-1885-1.jpg
1885,reaper-1885-2.jpg
1885,reaper-1885-3.jpg
1885,sale-of-building-scrap-1885.jpg
1885,seated-woman-1885.jpg
1885,seated-woman-2-1885.jpg
1885,seated-woman-3-1885.jpg
1885,sheaves-of-wheat-in-a-field-1885.jpg
1885,silhouette-of-a-man-with-a-rake.jpg
1885,silhouette-of-a-peasant-woman-digging-carrots.jpg
1885,sketches-for-the-drawing-of-an-auction-1885.jpg
1885,sketches-of-a-man-with-a-ladder-other-figures-and-a-cemetery-1885.jpg
1885,sketches-of-the-old-tower-and-figures-1885.jpg
1885,skull-with-burning-cigarette-1885.jpg
1885,sower-facing-left.jpg
1885,st-catharina-s-church-at-eindhoven-1885.jpg
1885,st-martin-s-church-at-tongelre-1885.jpg
1885,still-life-with-a-basket-of-apples-1885.jpg
1885,still-life-with-a-basket-of-apples-and-two-pumpkins-1885.jpg
1885,still-life-with-a-basket-of-vegetables-1885.jpg
1885,still-life-with-an-earthern-bowl-and-pears-1885.jpg
1885,still-life-with-an-earthern-bowl-and-potatoes-1885.jpg
1885,still-life-with-basket-of-apples-1885.jpg
1885,still-life-with-bible.jpg
1885,still-life-with-earthenware-bottle-and-clogs-1885.jpg
1885,still-life-with-three-birds-nests-1885.jpg
1885,still-life-with-two-jars-and-two-pumpkins-1885.jpg
1885,still-life-with-vegetables-and-fruit-1885.jpg
1885,still-life-with-yellow-hat-1885.jpg
1885,stocky-man-1885.jpg
1885,stocky-man-1885-1.jpg
1885,stooks-and-a-mill-1885.jpg
1885,stooks-and-a-peasant-stacking-sheaves-1885.jpg
1885,straw-hats-at-dusk-1885.jpg
1885,studies-for-figures-carrying-bundles-of-wood-1885.jpg
1885,studies-of-a-dead-sparrow-1885.jpg
1885,studies-of-the-interior-of-a-cottage-and-a-sketch-of-the-potato-eaters-1885.jpg
1885,studies-of-three-peasants-and-a-head-1885.jpg
1885,study-of-three-peasants-one-sitting-1885.jpg
1885,study-of-two-peasants-1885.jpg
1885,study-of-two-peasants-1885-1.jpg
1885,study-sheet-with-seven-hands-1885.jpg
1885,the-grote-markt-1885.jpg
1885,the-old-cemetery-tower-at-nuenen-in-the-snow-1885.jpg
1885,the-old-station-at-eindhoven-1885.jpg
1885,the-old-tower-in-the-snow-1885.jpg
1885,the-parsonage-garden-at-nuenen-in-the-snow-1885.jpg
1885,the-parsonage-garden-at-nuenen-in-the-snow-1885-1.jpg
1885,the-parsonage-garden-at-nuenen-with-pond-and-figures-1885.jpg
1885,the-parsonage-garden-in-the-snow-1885.jpg
1885,the-potato-eaters-1885.jpg
1885,the-spire-of-the-church-of-our-lady-1885.jpg
1885,the-vicarage-at-nuenen-1885.jpg
1885,three-people-sharing-a-meal-1885.jpg
1885,three-persons-sitting-at-the-window-1885.jpg
1885,three-studies-of-a-woman-with-a-shawl-1885.jpg
1885,two-peasant-women-digging-potatoes-1885.jpg
1885,two-studies-of-a-cottage-1885.jpg
1885,two-women-in-a-balcony-box-1885.jpg
1885,two-women-talking-to-each-other-while-digging-1885.jpg
1885,vicarage-at-nuenen-1885.jpg
1885,view-of-het-steen-1885.jpg
1885,view-of-het-steen-1885-1.jpg
1885,view-on-the-singel-in-amsterdam-1885.jpg
1885,wheat-field-with-mower-and-a-stooping-peasant-woman-1885.jpg
1885,wheat-field-with-sheaves-and-a-windmill-1885.jpg
1885,wheat-field-with-trees-and-mower-1885.jpg
1885,wheatfield-with-a-stook-and-a-mill-1885.jpg
1885,wheatfield-with-reaper-and-peasant-woman-binding-sheaves-1885.jpg
1885,woman-by-a-hearth-1885.jpg
1885,woman-by-a-hearth-1885-1.jpg
1885,woman-by-the-fireplace-1885.jpg
1885,woman-by-the-wash-tub-in-the-garden-1885.jpg
1885,woman-cutting-bread-1885.jpg
1885,woman-peeling-potatoes-1885.jpg
1885,woman-preparing-a-meal-1885.jpg
1885,woman-sewing-1885.jpg
1885,woman-sewing-1885-1.jpg
1885,woman-shelling-peas-1885.jpg
1885,woman-winding-yarn-1885.jpg
1885,woman-with-a-mourning-shawl-1885.jpg
1885,woman-with-her-left-arm-raised-1885.jpg
1885,woman-with-kettle-by-the-fireplace-1885.jpg
1885,woman-sitting-by-the-fire-peeling-potatoes-1885.jpg
1885,woman-sitting-by-the-fire-peeling-potatoes-sketch-of-a-second-figure-1885.jpg
1885,woodcutter-1885.jpg
1885,the-potato-eaters-1885-1.jpg
1885,head-of-a-man-3(1).jpg
1885,head-of-a-peasant-woman(1).jpg
1885,head-of-a-peasant-woman-bareheaded.jpg
1885,head-of-an-old-man.jpg
1885,lane-with-poplars.jpg
1885,peasant.jpg
1885,peasant-girl-half-figure.jpg
1885,two-hands-2.jpg
1885,two-hands-3.jpg
1885,two-hands-and-a-woman-s-head.jpg
1885,two-hands-and-two-arms.jpg
1885,two-hands-with-a-stick.jpg
1885,a-sunday-in-eindhoven(1).jpg
1885,cottage(1).jpg
1885,head-of-a-man(1).jpg
1885,head-of-a-peasant-with-cap(1).jpg
1885,head-of-a-young-man-bareheaded.jpg
1885,lamp-in-front-of-a-window.jpg
1885,peasant-woman-head-9.jpg
1885,two-heads-man-with-beard-and-hat-peasant-with-cap.jpg
1885,two-heads-of-men.jpg
1885,vvg.jpg
1886,a-man-and-a-woman-seen-from-the-back-1886(1).jpg
1886,a-pair-of-shoes-1886(1).jpg
1886,a-public-garden-with-people-walking-in-the-rain-1886(1).jpg
1886,a-square-in-paris-1886(1).jpg
1886,a-view-of-paris-with-the-op-1886(1).jpg
1886,basket-of-carnations-and-zinnias-1886(1).jpg
1886,belvedere-overlooking-montmartre-1886(1).jpg
1886,bowl-with-peonies-and-roses-1886(1).jpg
1886,coleus-plant-in-a-flowerpot-1886(1).jpg
1886,female-nude-seated-1886(1).jpg
1886,female-nude-seated-1886-1(1).jpg
1886,female-nude-standing-1886(1).jpg
1886,figures-in-a-park-1886(1).jpg
1886,flower-pot-with-asters-1886(1).jpg
1886,flying-fox-1886(1).jpg
1886,four-sketches-of-a-foot-1886(1).jpg
1886,geranium-in-a-flowerpot-1886(1).jpg
1886,glass-with-roses-1886(1).jpg
1886,guinguette-1886(1).jpg
1886,gypsum-torso-1886(1).jpg
1886,head-of-a-man-1886(1).jpg
1886,head-of-a-man-1886-1(1).jpg
1886,head-of-a-man-with-cap-lithographer-s-shade-1886(1).jpg
1886,head-of-a-man-with-hat-1886(1).jpg
1886,head-of-a-woman-1886.jpg
1886,head-of-a-woman-1886-1.jpg
1886,head-of-a-woman-with-her-hair-loose-1886.jpg
1886,idol.jpg
1886,idol-1.jpg
1886,idol-2.jpg
1886,idol-3.jpg
1886,idol-4.jpg
1886,idol-and-sketches-of-venus.jpg
1886,le-moulin-de-la-galette-1886.jpg
1886,le-moulin-de-la-galette-1886-1.jpg
1886,le-moulin-de-la-galette-4-1886.jpg
1886,le-moulin-de-la-gallette-3-1886.jpg
1886,man-on-a-bench-1886.jpg
1886,man-drawing-or-writing-1886.jpg
1886,montmartre-the-quarry-and-windmills-1886.jpg
1886,montmartre-the-quarry-and-windmills-1886-1.jpg
1886,moulin-de-la-galette-1886.jpg
1886,park-with-figures.jpg
1886,people-walking-in-front-of-the-palais-du-luxembourg-1886.jpg
1886,people-walking-on-a-street-in-the-evening-1886.jpg
1886,plaster-statuette-1886.jpg
1886,plaster-statuette-1886-1.jpg
1886,plaster-statuette-of-a-female-torso-1886.jpg
1886,plaster-statuette-of-a-female-torso-1886-1.jpg
1886,plaster-statuette-of-a-female-torso-1886-2.jpg
1886,plaster-statuette-of-a-female-torso-1886-3.jpg
1886,plaster-statuette-of-a-female-torso-1886-4.jpg
1886,plaster-statuette-of-a-female-torso-1886-5.jpg
1886,plaster-statuette-of-a-horse-1886.jpg
1886,plaster-statuette-of-a-kneeling-man-1886.jpg
1886,plaster-statuette-of-a-male-torso-1886.jpg
1886,plaster-torso-of-a-woman-1886.jpg
1886,plaster-torso-of-a-woman-seen-from-the-side-1886.jpg
1886,restaurant-menu-1886.jpg
1886,seated-female-nude.jpg
1886,seated-girl-and-venus.jpg
1886,seated-girl-seen-from-the-front.jpg
1886,seated-male-nude-seen-from-the-back.jpg
1886,seated-man-with-a-beard-1886.jpg
1886,seated-man-with-a-beard-1886-1.jpg
1886,seated-man-with-a-moustache-and-cap-1886.jpg
1886,self-portrait-1886.jpg
1886,self-portrait-1886-1.jpg
1886,self-portrait-with-cap-1886.jpg
1886,self-portrait-with-dark-felt-hat-1886.jpg
1886,self-portrait-with-dark-felt-hat-at-the-easel-1886(1).jpg
1886,self-portrait-with-pipe-1886.jpg
1886,self-portrait-with-pipe-1886-1.jpg
1886,skeleton.jpg
1886,sketch-of-a-foot-1886.jpg
1886,sketch-of-a-knee-1886.jpg
1886,sketch-of-a-knee-1886-1.jpg
1886,sketch-of-a-left-hand-1886.jpg
1886,sketch-of-a-left-hand-1886-1.jpg
1886,sketch-of-a-right-arm-and-shoulder-1886.jpg
1886,sloping-path-in-montmartre-1886.jpg
1886,standing-female-nude-seen-from-the-back.jpg
1886,standing-female-nude-seen-from-the-back-1.jpg
1886,standing-female-nude-seen-from-the-front-1886.jpg
1886,standing-female-nude-seen-from-the-side-1886.jpg
1886,standing-male-nude-seen-from-the-front.jpg
1886,standing-male-nude-seen-from-the-front-1.jpg
1886,standing-male-nude-seen-from-the-front-2.jpg
1886,standing-man-seen-from-the-back-1886.jpg
1886,still-life-vase-with-red-gladiolas-1886.jpg
1886,still-life-with-apples-meat-and-a-roll-1886.jpg
1886,still-life-with-bloaters-1886.jpg
1886,still-life-with-bloaters-1886-1.jpg
1886,still-life-with-mackerels-lemons-and-tomatoes-1886.jpg
1886,still-life-with-mussels-and-shrimp-1886.jpg
1886,still-life-with-roses-and-sunflowers-1886.jpg
1886,still-life-with-scabiosa-and-ranunculus-1886.jpg
1886,tabernacle-in-the-heath.jpg
1886,tambourine-with-pansies-1886.jpg
1886,terrace-in-the-luxembourg-garden-1886.jpg
1886,terrace-of-a-cafe-on-montmartre-la-guinguette-1886.jpg
1886,the-bois-de-boulogne-with-people-walking-1886.jpg
1886,the-discus-thrower-1886.jpg
1886,the-fourteenth-of-july-celebration-in-paris-1886.jpg
1886,the-green-parrot-1886.jpg
1886,the-hill-of-montmartre-with-quarry-1886.jpg
1886,the-kingfisher-1886.jpg
1886,the-mill-of-blute-end-1886.jpg
1886,the-moulin-de-la-galette-1886.jpg
1886,the-outskirts-of-paris-1886.jpg
1886,the-pont-du-carrousel-and-the-louvre-1886.jpg
1886,the-roofs-of-paris-1886.jpg
1886,the-roofs-of-paris-and-notre-dame-1886.jpg
1886,the-terrace-of-the-tuileries-with-people-walking-1886.jpg
1886,three-pairs-of-shoes-1886.jpg
1886,torso-of-venus.jpg
1886,torso-of-venus-1.jpg
1886,torso-of-venus-2.jpg
1886,torso-of-venus-3.jpg
1886,torso-of-venus-4.jpg
1886,torso-of-venus-5.jpg
1886,two-self-portraits-and-several-details-1886.jpg
1886,vase-of-hollyhocks-1886.jpg
1886,vase-with-asters-and-phlox-1886.jpg
1886,vase-with-asters-salvia-and-other-flowers-1886.jpg
1886,vase-with-carnations-1886.jpg
1886,vase-with-carnations-1886-1.jpg
1886,vase-with-carnations-1886-2.jpg
1886,vase-with-carnations-and-bottle-1886.jpg
1886,vase-with-carnations-and-other-flowers-1886.jpg
1886,vase-with-flowers.jpg
1886,vase-with-gladioli-1886.jpg
1886,vase-with-gladioli-and-carnations-1886.jpg
1886,vase-with-gladioli-and-carnations-1886-1.jpg
1886,vase-with-gladioli-and-lilac-1886.jpg
1886,vase-with-myosotis-and-peonies-1886.jpg
1886,vase-with-peonies-1886.jpg
1886,vase-with-poppies-cornflowers-peonies-and-chrysanthemums-1886.jpg
1886,vase-with-red-and-white-carnations-on-a-yellow-background-1886.jpg
1886,vase-with-red-gladioli-1886.jpg
1886,vase-with-red-gladioli-1886-1.jpg
1886,vase-with-red-poppies-1886.jpg
1886,vase-with-zinnias-1886.jpg
1886,vase-with-zinnias-and-geraniums-1886.jpg
1886,vase-with-zinnias-and-other-flowers-1886.jpg
1886,view-of-montmartre-1886.jpg
1886,view-of-paris-from-montmartre-1886.jpg
1886,view-of-paris-from-near-montmartre-1886.jpg
1886,view-of-paris-with-notre-dame-and-the-pantheon-1886.jpg
1886,view-of-paris-with-the-hôtel-de-ville-and-the-tour-saint-jacques-1886.jpg
1886,view-of-roofs-and-backs-of-houses-1886.jpg
1886,walking-couple-1886.jpg
1886,windmill-at-montmartre-1886.jpg
1886,windmill-on-montmartre-1886.jpg
1886,windmills-at-montmartre-1886.jpg
1886,woman-in-dark-dress-walking-1886.jpg
1886,woman-walking-her-dog-1886.jpg
1886,woman-with-hat-half-length-1886.jpg
1886,still-life-with-meadow-flowers-and-roses-1886.jpg
1886,plaster-statuette-of-a-female-torso.jpg
1886,head-of-a-man-4(1).jpg
1887,a-pair-of-shoes-1887(1).jpg
1887,a-pair-of-shoes-1887-1(1).jpg
1887,a-woman-walking-in-garden-1887(1).jpg
1887,absinthe-1887(1).jpg
1887,avenue-in-voyer-d-argenson-park-at-asnieres-1887(1).jpg
1887,banks-of-the-seine-in-the-spring-1887(1).jpg
1887,banks-of-the-seine-near-pont-de-clichy-1887(1).jpg
1887,barn-owl-viewed-from-the-front-1887(1).jpg
1887,barn-owl-viewed-from-the-side-1887(1).jpg
1887,basket-of-sprouting-bulbs-1887(1).jpg
1887,bathing-float-on-the-seine-at-asnieres-1887(1).jpg
1887,boulevard-de-clichy-1887(1).jpg
1887,bridges-across-the-seine-at-asnieres-1887(1).jpg
1887,chestnut-tree-in-blossom-1887(1).jpg
1887,clarinetist-and-piccolo-player-1887(1).jpg
1887,couple-out-for-a-stroll-1887(1).jpg
1887,double-bass-player-1887(1).jpg
1887,dying-slave-and-figures-at-a-table-1887(1).jpg
1887,edge-of-a-wheatfield-with-poppies-1887(1).jpg
1887,entrance-to-the-moulin-de-la-galette-1887.jpg
1887,entrance-to-the-voyer-d-argenson-park-at-asnieres-1887(1).jpg
1887,exterior-of-a-restaurant-at-asnieres-1887(1).jpg
1887,factories-at-asnieres-seen-from-the-quai-de-clichy-1887(1).jpg
1887,factories-seen-from-a-hillside-in-moonlight-1887(1).jpg
1887,fishing-in-the-spring-1887(1).jpg
1887,flowerpot-with-chives-1887(1).jpg
1887,fortifications-of-paris-with-houses-1887(1).jpg
1887,four-swifts-with-landscape-sketches-1887(1).jpg
1887,fritillaries-in-a-copper-vase-1887(1).jpg
1887,gardens-on-montmartre-and-the-blute-fin-windmill-1887(1).jpg
1887,gate-in-the-paris-ramparts-1887(1).jpg
1887,head-of-a-man-possibly-theo-van-gogh-1887(1).jpg
1887,head-of-a-man-with-a-top-hat-1887(1).jpg
1887,house-with-sunflowers-1887.jpg
1887,interior-of-a-restaurant-1887.jpg
1887,interior-of-a-restaurant-1887-1.jpg
1887,italian-woman-agostina-segatori-1887.jpg
1887,japanese-art-1887.jpg
1887,japonaiserie-after-hiroshige-1887.jpg
1887,japonaiserie-oiran-after-kesai-eisen-1887.jpg
1887,kneeling-ecorche-1887.jpg
1887,lane-in-voyer-d-argenson-park-at-asnieres-1887.jpg
1887,le-moulin-de-la-gallette-1887.jpg
1887,l-ecorche-1887.jpg
1887,l-ecorche-and-borghese-gladiator-1887.jpg
1887,lilacs-1887.jpg
1887,luxembourg-garden-in-paris.jpg
1887,male-torso-and-study-for-portrait-of-a-woman-with-flowers-1887.jpg
1887,man-with-spade-in-a-suburb-of-paris-1887.jpg
1887,montmartre-path-with-sunflowers-1887.jpg
1887,moored-boats-1887.jpg
1887,nude-woman-reclining-seen-from-the-back-1887.jpg
1887,nude-woman-squatting-over-a-basin-1887.jpg
1887,on-the-outskirts-of-paris-1887.jpg
1887,outskirts-of-paris-near-montmartre-1887.jpg
1887,outskirts-of-paris-near-montmartre-1887-1.jpg
1887,park-at-asnieres-in-spring-1887.jpg
1887,park-view.jpg
1887,pasture-in-bloom-1887.jpg
1887,path-in-the-woods-1887.jpg
1887,pianist-1887.jpg
1887,plaster-statuette-of-a-female-torso-1887.jpg
1887,portrait-of-a-man.jpg
1887,portrait-of-a-man-with-a-skull-cap.jpg
1887,portrait-of-a-woman-1887.jpg
1887,portrait-of-a-woman-madame-tanguy.jpg
1887,portrait-of-alexander-reid-1887.jpg
1887,portrait-of-père-tanguy-1887.jpg
1887,portrait-of-père-tanguy.jpg
1887,portrait-of-the-art-dealer-alexander-reid-sitting-in-an-easy-chair.jpg
1887,restaurant-de-la-sirene-at-asnieres-1887.jpg
1887,restaurant-de-la-sirene-at-asnieres-1887-1.jpg
1887,road-running-beside-the-paris-ramparts-1887.jpg
1887,roadway-with-underpass-the-viaduct-1887.jpg
1887,sailing-boat-on-the-seine-at-asnieres-1887.jpg
1887,seated-woman-4-1887.jpg
1887,self-portrait-1887.jpg
1887,antique-3840757.jpg
1887,self-portrait-with-felt-hat.jpg
1887,self-portrait-1887-1.jpg
1887,self-portrait-1887-2.jpg
1887,self-portrait-1887-3.jpg
1887,self-portrait-1887-4.jpg
1887,self-portrait-1887-5.jpg
1887,self-portrait-1887-6.jpg
1887,self-portrait-1887-7.jpg
1887,self-portrait-1887-8.jpg
1887,self-portrait-1887-9.jpg
1887,self-portrait-with-a-japanese-print-1887.jpg
1887,self-portrait-with-gray-felt-hat-1887.jpg
1887,self-portrait-with-pipe-and-glass-1887.jpg
1887,self-portrait-with-straw-hat-1887.jpg
1887,self-portrait-with-straw-hat-1887-1.jpg
1887,self-portrait-with-straw-hat-1887-2.jpg
1887,antique-3840752.jpg
1887,self-portrait-with-straw-hat-and-pipe-1887.jpg
1887,shed-with-sunflowers-1887.jpg
1887,skull.jpg
1887,skull-1.jpg
1887,sorrowing-woman-1887.jpg
1887,standing-male-and-seated-female-nudes.jpg
1887,standing-male-nude-1887.jpg
1887,still-life-with-a-basket-of-crocuses-1887.jpg
1887,still-life-with-apples-1887.jpg
1887,still-life-with-apples-pears-lemons-and-grapes-1887.jpg
1887,still-life-with-basket-of-apples-1887.jpg
1887,still-life-with-basket-of-apples-to-lucien-pissarro-1887.jpg
1887,still-life-with-bloaters-and-garlic-1887.jpg
1887,still-life-with-decanter-and-lemons-on-a-plate-1887.jpg
1887,still-life-with-four-sunflowers-1887.jpg
1887,still-life-with-grapes-1887.jpg
1887,still-life-with-grapes-pears-and-lemons-1887.jpg
1887,still-life-with-grapes-pears-and-lemons-1887-1.jpg
1887,still-life-with-lemons-on-a-plate-1887.jpg
1887,still-life-with-plaster-statuette-a-rose-and-two-novels-1887.jpg
1887,still-life-with-red-cabbages-and-onions-1887.jpg
1887,still-life-with-three-books-1887.jpg
1887,still-life-with-two-sunflowers-1887.jpg
1887,antique-3937521.jpg
1887,still-life-vase-with-cornflowers-and-poppies-1887.jpg
1887,strollers-and-onlookers-at-a-place-of-entertainment-1887.jpg
1887,study-for-reclining-female-nude-1887.jpg
1887,study-for-woman-sitting-by-a-cradle-1887.jpg
1887,suburbs-of-paris-1887.jpg
1887,swift-1887.jpg
1887,the-allotments-at-montmartre-1887.jpg
1887,the-banks-of-the-seine-1887.jpg
1887,the-banks-of-the-seine-with-boats-1887.jpg
1887,the-boulevard-de-clichy-1887.jpg
1887,the-brothel-1887.jpg
1887,the-factory-at-asnieres-1887.jpg
1887,the-garden-with-sunflower-1887.jpg
1887,the-restaurant-de-la-sirene-at-asnieres-1887.jpg
1887,the-rispal-restaurant-at-asnieres-1887.jpg
1887,the-seine-bridge-at-asnieres-1887.jpg
1887,the-seine-with-a-rowing-boat-1887.jpg
1887,the-seine-with-the-pont-de-clichy-1887.jpg
1887,the-seine-with-the-pont-de-clichy-1887-1.jpg
1887,the-seine-with-the-pont-de-la-grande-jette-1887.jpg
1887,the-voyer-d-argenson-park-in-asnieres-1887.jpg
1887,torso-of-venus-1887.jpg
1887,torso-of-venus-1887-1.jpg
1887,torso-of-venus-1887-2.jpg
1887,torso-of-venus-1887-3.jpg
1887,torso-of-venus-1887-4.jpg
1887,torso-of-venus-and-a-landscape-1887.jpg
1887,trees-and-undergrowth-1887.jpg
1887,trees-and-undergrowth-1887-1.jpg
1887,trees-in-a-field-on-a-sunny-day-1887.jpg
1887,two-cut-sunflowers-1887.jpg
1887,undergrowth-1887.jpg
1887,undergrowth-1887-1.jpg
1887,vase-with-daisies-1887.jpg
1887,vase-with-daisies-and-anemones-1887.jpg
1887,vase-with-flieder-margerites-und-anemones-1887.jpg
1887,vase-with-flowers-coffeepot-and-fruit-1887.jpg
1887,vase-with-lilacs-daisies-and-anemones-1887.jpg
1887,vase-with-white-and-red-carnations-1887.jpg
1887,vegetable-gardens-in-montmartre-1887.jpg
1887,vegetable-gardens-in-montmartre-1887-1.jpg
1887,vegetable-gardens-in-montmartre-1887-2.jpg
1887,venus.jpg
1887,venus-1.jpg
1887,venus-in-a-top-hat.jpg
1887,view-from-the-apartment-in-the-rue-lepic-1887.jpg
1887,view-from-vincent-s-room-in-the-rue-lepic-1887.jpg
1887,view-of-paris-from-vincent-s-room-in-the-rue-lepic-1887.jpg
1887,violinist-seen-from-the-back-1887.jpg
1887,violinist-seen-from-the-front-1887.jpg
1887,walk-along-the-banks-of-the-seine-near-asnieres-1887.jpg
1887,wheat-field-with-a-lark-1887(1).jpg
1887,window-in-the-bataille-restaurant-1887.jpg
1887,woman-in-the-cafe-tambourin-1887.jpg
1887,woman-pianist-and-a-violinist-1887.jpg
1887,woman-sitting-by-a-cradle-1887.jpg
1887,woman-sitting-in-the-grass-1887.jpg
1887,young-slave-1887.jpg
1887,way-in-the-voyer-d-argenson-park-in-asnieres-1887.jpg
1887,a-woman-s-legs(1).jpg
1887,apartment-blocks-and-miscellaneous-studies(1).jpg
1888,a-fishing-boat-at-sea-1888(1).jpg
1888,a-fishing-boat-at-sea-1888-1(1).jpg
1888,a-fishing-boat-at-sea-1888-2(1).jpg
1888,a-fishing-boat-at-sea-1888-3(1).jpg
1888,a-lane-in-the-public-garden-with-benches-1888(1).jpg
1888,a-lane-near-arles-1888(1).jpg
1888,a-lane-of-cypresses-with-a-couple-walking-1888(1).jpg
1888,a-mousme-1888(1).jpg
1888,a-mousmé-half-figure-1888(1).jpg
1888,a-mousmé-sitting-1888(1).jpg
1888,a-mousmé-sitting-1888-1(1).jpg
1888,a-pair-of-leather-clogs-1888(1).jpg
1888,a-pair-of-lovers-arles-1888(1).jpg
1888,a-pair-of-shoes-1888(1).jpg
1888,a-pork-butcher-s-shop-seen-from-a-window-1888(1).jpg
1888,almond-tree-in-blossom-1888(1).jpg
1888,alychamps-1888(1).jpg
1888,alychamps-autumn-1888(1).jpg
1888,an-old-woman-of-arles-1888(1).jpg
1888,apricot-trees-in-blossom-1888(1).jpg
1888,arles-view-from-the-wheat-fields-1888(1).jpg
1888,avenue-in-the-park-1888(1).jpg
1888,avenue-of-plane-trees-near-arles-station-1888(1).jpg
1888,bank-of-the-rhone-at-arles-1888(1).jpg
1888,beach-sea-and-fishing-boats-1888(1).jpg
1888,blossoming-almond-branch-in-a-glass-1888(1).jpg
1888,blossoming-almond-branch-in-a-glass-with-a-book-1888(1).jpg
1888,breton-women-1888(1).jpg
1888,bush-in-the-park-at-arles-1888(1).jpg
1888,cafe-terrace-place-du-forum-arles-1888(1).jpg
1888,canal-with-bridge-and-women-washing-1888(1).jpg
1888,coal-barges-1888(1).jpg
1888,coal-barges-1888-1(1).jpg
1888,cottages-in-saintes-maries-1888(1).jpg
1888,drawbridge-with-lady-with-parasol-1888(1).jpg
1888,drawbridge-with-walking-couple-1888(1).jpg
1888,encampment-of-gypsies-with-caravans-1888(1).jpg
1888,entrance-gate-to-a-farm-with-haystacks-1888(1).jpg
1888,entrance-to-the-public-garden-in-arles-1888(1).jpg
1888,farmer-with-straw-hat-1888(1).jpg
1888,farmers-working-in-the-field-1888(1).jpg
1888,farmhouse-in-a-wheat-field-1888(1).jpg
1888,farmhouse-in-a-wheat-field-1888-1(1).jpg
1888,farmhouse-in-provence-1888(1).jpg
1888,farmhouse-with-wheat-field-along-a-road-and-field-with-flowers-1888(1).jpg
1888,farmhouses-in-a-wheat-field-near-arles-1888(1).jpg
1888,field-with-factory-1888(1).jpg
1888,field-with-flowers-1888(1).jpg
1888,field-with-houses-under-a-sky-with-sun-disk-1888(1).jpg
1888,fishing-boats-at-sea-1888(1).jpg
1888,fishing-boats-at-sea-1888-1(1).jpg
1888,fishing-boats-on-the-beach-1888(1).jpg
1888,preuzmi.png
1888,fishing-boats-on-the-beach-at-les-saintes-maries-de-la-mer-1888-1(1).jpg
1888,fishing-boats-on-the-beach-at-saintes-maries-de-la-mer-1888(1).jpg
1888,flowering-garden-1888(1).jpg
1888,garden-behind-a-house-1888(1).jpg
1888,garden-with-flowers-1888(1).jpg
1888,garden-with-flowers-1888-1(1).jpg
1888,garden-with-flowers-1888-2(1).jpg
1888,garden-with-weeping-willow-1888(1).jpg
1888,girl-with-ruffled-hair-the-mudlark-1888(1).jpg
1888,green-ears-of-wheat-1888(1).jpg
1888,gypsies-at-saintes-maries-1888(1).jpg
1888,harvest-at-la-crau-with-montmajour-in-the-background-1888.jpg
1888,harvest-in-provence-1888(1).jpg
1888,harvest-in-provence-at-the-left-montmajour-1888(1).jpg
1888,harvest-landscape-1888(1).jpg
1888,harvest-landscape-1888-1(1).jpg
1888,haystacks-in-provence-1888.jpg
1888,haystacks-near-a-farm-1888(1).jpg
1888,haystacks-near-a-farm-1888-1(1).jpg
1888,head-of-a-girl-1888(1).jpg
1888,hill-with-bushes-1888.jpg
1888,hill-with-the-ruins-of-montmajour-1888.jpg
1888,interior-of-a-restaurant-in-arles-1888.jpg
1888,joseph-roulin-sitting-in-a-cane-chair-three-quarter-length-1888.jpg
1888,joseph-roulin-three-quarter-length-1888.jpg
1888,la-crau-1888.jpg
1888,la-crau-seen-from-montmajour-1888.jpg
1888,la-crau-with-peach-trees-in-bloom-1888.jpg
1888,ladies-of-arles-memories-of-the-garden-at-etten-1888.jpg
1888,landscape-near-montmajour-with-train-1888.jpg
1888,landscape-under-a-stormy-sky-1888.jpg
1888,landscape-with-a-tree-in-the-foreground-1888.jpg
1888,landscape-with-a-tree-in-the-foreground-1888-1.jpg
1888,landscape-with-alphonse-daudet-s-windmill-1888.jpg
1888,landscape-with-hut-in-the-camargue-1888.jpg
1888,landscape-with-olive-tree-and-mountains-in-the-background-1888.jpg
1888,landscape-with-path-and-pollard-trees-1888.jpg
1888,landscape-with-snow-1888.jpg
1888,landscape-with-the-wall-of-a-farm-1888.jpg
1888,l-arlesienne-portrait-of-madame-ginoux-1888.jpg
1888,l-arlesienne-portrait-of-madame-ginoux-1888-1.jpg
1888,les-alyscamps-1888(2).jpg
1888,meadow-with-flowers-1888.jpg
1888,memory-of-the-garden-at-etten-1888.jpg
1888,montmajour-1888.jpg
1888,mother-roulin-with-her-baby-1888.jpg
1888,mother-roulin-with-her-baby-1888-1.jpg
1888,newly-mowed-lawn-with-weeping-tree-1888.jpg
1888,antique-3937525-1.jpg
1888,olive-trees-1888.jpg
1888,orchard-and-house-with-orange-roof-1888.jpg
1888,orchard-and-house-with-orange-roof-1888-1.jpg
1888,orchard-in-blossom-1888.jpg
1888,orchard-in-blossom-1888-1.jpg
1888,orchard-in-blossom-1888-2.jpg
1888,orchard-in-blossom-plum-trees-1888.jpg
1888,orchard-in-blossom-with-two-figures-spring-1888.jpg
1888,orchard-in-blossom-bordered-by-cypresses-1888.jpg
1888,orchard-in-blossom-bordered-by-cypresses-1888-1.jpg
1888,orchard-surrounded-by-cypresses-1888.jpg
1888,orchard-with-arles-in-the-background-1888.jpg
1888,orchard-with-blossoming-apricot-trees-1888.jpg
1888,orchard-with-blossoming-plum-trees-1888.jpg
1888,orchard-with-blossoming-plum-trees-the-white-orchard-1888.jpg
1888,orchard-with-peach-trees-in-blossom-1888.jpg
1888,path-in-the-park-at-arles-1888.jpg
1888,path-through-a-field-with-willows-1888.jpg
1888,paul-gauguin-man-in-a-red-beret-1888.jpg
1888,paul-gauguin-s-armchair-1888.jpg
1888,peach-tree-in-bloom-in-memory-of-mauve-1888.jpg
1888,peach-trees-in-blossom-1888.jpg
1888,pear-tree-in-blossom-1888.jpg
1888,père-tanguy.jpg
1888,pink-peach-trees-1888.jpg
1888,ploughman-in-the-fields-near-arles-1888.jpg
1888,pollard-willows-and-setting-sun-1888.jpg
1888,portrait-of-a-man-1888.jpg
1888,portrait-of-a-one-eyed-man-1888.jpg
1888,portrait-of-armand-roulin-1888.jpg
1888,portrait-of-armand-roulin-1888-1.jpg
1888,portrait-of-camille-roulin-1888.jpg
1888,portrait-of-camille-roulin-1888-1.jpg
1888,portrait-of-eugene-boch-1888.jpg
1888,portrait-of-madame-augustine-roulin-1888.jpg
1888,portrait-of-madame-ginoux-l-arlesienne-1888.jpg
1888,portrait-of-madame-ginoux-l-arlesienne-1888-1.jpg
1888,portrait-of-milliet-second-lieutnant-of-the-zouaves-1888.jpg
1888,portrait-of-patience-escalier-1888.jpg
1888,portrait-of-patience-escalier-1888-1.jpg
1888,portrait-of-patience-escalier-shepherd-in-provence-1888.jpg
1888,portrait-of-père-tanguy-1888.jpg
1888,portrait-of-postman-roulin-1888.jpg
1888,portrait-of-the-artist-s-mother-1888.jpg
1888,antique-3937522.jpg
1888,postman-joseph-roulin-1888.jpg
1888,public-garden-with-a-corner-of-the-yellow-house-1888.jpg
1888,public-garden-with-a-couple-and-a-blue-fir-tree-1888.jpg
1888,public-garden-with-benches-1888.jpg
1888,public-garden-with-couple-and-blue-fir-tree-the-poet-s-garden-iii-1888.jpg
1888,public-garden-with-fence-1888.jpg
1888,public-garden-with-vincent-s-house-in-the-background-1888.jpg
1888,public-park-with-weeping-willow-the-poet-s-garden-i-1888.jpg
1888,quay-with-men-unloading-sand-barges-1888.jpg
1888,quay-with-men-unloading-sand-barges-1888-1.jpg
1888,railway-carriages-1888.jpg
1888,red-vineyards-at-arles-1888.jpg
1888,rhone-with-boats-and-a-bridge-1888.jpg
1888,road-with-telegraph-pole-and-crane-1888.jpg
1888,road-with-trees-1888.jpg
1888,rocks-with-oak-tree-1888.jpg
1888,round-clipped-shrub-in-the-public-garden-1888.jpg
1888,row-of-cottages-in-saintes-maries-1888.jpg
1888,ruins-of-montmajour-1888.jpg
1888,ruins-of-montmajour-1888-1.jpg
1888,seascape-at-saintes-maries-1888.jpg
1888,self-portrait-1888.jpg
1888,self-portrait-1888-1.jpg
1888,self-portrait-as-an-artist-1888.jpg
1888,self-portrait-dedicated-to-paul-gauguin-1888.jpg
1888,self-portrait-1888-2.jpg
1888,selfportrait-on-the-road-to-tarascon-the-painter-on-his-way-to-work-1888.jpg
1888,sketch-of-a-seated-woman-1888.jpg
1888,snowy-landscape-with-arles-in-the-background-1888.jpg
1888,snowy-landscape-with-arles-in-the-background-1888-1.jpg
1888,sower-1888.jpg
1888,sower-1888-1.jpg
1888,sower-and-trunk-of-an-old-yew-tree-1888.jpg
1888,sower-with-setting-sun-1888.jpg
1888,sower-with-setting-sun-1888-1.jpg
1888,sower-with-setting-sun-1888-2.jpg
1888,sower-with-setting-sun-1888-3.jpg
1888,spectators-in-the-arena-at-arles-1888.jpg
1888,still-life-french-novels.jpg
1888,still-life-french-novels-and-rose.jpg
1888,still-life-vase-with-fifteen-sunflowers-1888.jpg
1888,still-life-vase-with-fifteen-sunflowers-1888-1.jpg
1888,still-life-bottle-lemons-and-oranges-1888.jpg
1888,still-life-bowl-with-daisies-1888.jpg
1888,still-life-majolica-jug-with-wildflowers-1888.jpg
1888,still-life-potatoes-in-a-yellow-dish-1888.jpg
1888,still-life-vase-with-five-sunflowers-1888.jpg
1888,still-life-vase-with-oleanders-1888.jpg
1888,still-life-vase-with-zinnias-1888.jpg
1888,still-life-with-basket-and-six-oranges-1888.jpg
1888,still-life-with-blue-enamel-coffeepot-earthenware-and-fruit-1888.jpg
1888,still-life-with-coffee-pot-1888.jpg
1888,still-life-with-coffee-pot-2-1888.jpg
1888,still-life-with-pears.jpg
1888,street-in-saintes-maries-1888.jpg
1888,street-in-saintes-maries-1888-1.jpg
1888,street-in-saintes-maries-1888-2.jpg
1888,summer-evening-wheatfield-with-setting-sun-1888.jpg
1888,vincent-van-gogh-three-sunflowers-in-a-vase.Jpg
1888,sunny-lawn-in-a-public-park-1888.jpg
1888,the-artist-s-house-in-arles-1888.jpg
1888,the-baby-marcelle-roulin-1888.jpg
1888,the-baby-marcelle-roulin-1888-1.jpg
1888,the-ballroom-at-arles-1888.jpg
1888,the-bridge-at-trinquetaille-1888.jpg
1888,the-cafe-terrace-on-the-place-du-forum-arles-at-night-1888.jpg
1888,the-corner-of-the-park-1888.jpg
1888,the-garden-with-flowers-1888.jpg
1888,the-gleize-bridge-over-the-vigneyret-canal-1888.jpg
1888,the-green-vinyard-1888.jpg
1888,the-langlois-bridge-1888.jpg
1888,the-langlois-bridge-at-arles-1888.jpg
1888,the-langlois-bridge-at-arles-1888-1.jpg
1888,the-langlois-bridge-at-arles-1888-2.jpg
1888,the-langlois-bridge-at-arles-with-road-alongside-the-canal-1888.jpg
1888,the-langlois-bridge-at-arles-with-women-washing-1888(1).jpg
1888,the-langlois-bridge-at-arles-with-women-washing-1888-1.jpg
1888,the-lovers-the-poet-s-garden-iv-1888.jpg
1888,the-mill-of-alphonse-daudet-at-fontevieille-1888.jpg
1888,the-night-cafe-1888.jpg
1888,the-novel-reader-1888-1.jpg
1888,the-old-mill-1888.jpg
1888,the-old-peasant-patience-escalier-with-walking-stick-half-figure-1888.jpg
1888,the-olive-trees-1888.jpg
1888,the-park-at-arles-with-the-entrance-seen-through-the-trees-1888.jpg
1888,the-ploughed-field-1888.jpg
1888,the-railway-bridge-over-avenue-montmajour-1888.jpg
1888,the-rhone-with-boats-and-a-bridge-1888.jpg
1888,the-road-to-tarascon-1888.jpg
1888,the-road-to-tarascon-1888-1.jpg
1888,the-rocks-with-oak-tree-1888.jpg
1888,the-roubine-du-roi-canal-with-washerwomen-1888.jpg
1888,the-schoolboy-camille-roulin-1888.jpg
1888,the-smoker-peasant-1888.jpg
1888,the-sower-sower-with-setting-sun-1888.jpg
1888,the-sower-outskirts-of-arles-in-the-background-1888.jpg
1888,the-starry-night-1888.jpg
1888,the-starry-night-1888-1.jpg
1888,starry-night-over-the-rhone.jpg
1888,the-tarascon-diligence-1888.jpg
1888,the-tarascon-stagecoach-1888.jpg
1888,the-trinquetaille-bridge-1888.jpg
1888,the-viaduct-and-the-trinquetaille-bridge-1888.jpg
1888,the-yellow-house-1888.jpg
1888,the-zouave-half-length-1888.jpg
1888,thistles-1888.jpg
1888,thistles-along-the-roadside-1888.jpg
1888,three-cottages-in-saintes-maries-1888.jpg
1888,three-white-cottages-in-saintes-maries-1888.jpg
1888,tiled-roof-with-chimneys-and-church-tower-1888.jpg
1888,trunk-of-an-old-yew-tree-1888.jpg
1888,two-thistles-1888.jpg
1888,view-of-a-river-quay-and-bridge-1888.jpg
1888,view-of-arles-from-a-hill-1888.jpg
1888,view-of-arles-with-irises-in-the-foreground-1888.jpg
1888,view-of-arles-with-trees-in-blossom-1888.jpg
1888,view-of-saintes-maries-1888.jpg
1888,view-of-saintes-maries-with-cemetery-1888.jpg
1888,view-of-saintes-maries-with-church-and-ramparts-1888.jpg
1888,vincent-s-bedroom-1888.jpg
1888,vincent-s-bedroom-in-arles-1888.jpg
1888,vincent-s-bedroom-in-arles-1888-1.jpg
1888,vincent-s-house-1888.jpg
1888,vincent-s-house-in-arles-the-yellow-house-1888.jpg
1888,wheat-field-1888.jpg
1888,wheat-field-1888-1.jpg
1888,wheat-field-with-setting-sun-1888.jpg
1888,wheat-field-with-sheaves-1888.jpg
1888,wheat-field-with-sheaves-1888-1.jpg
1888,wheat-field-with-sheaves-and-arles-in-the-background-1888.jpg
1888,wheat-field-with-sheaves-and-arles-in-the-background-1888-1.jpg
1888,wheat-field-with-the-alpilles-foothills-in-the-background-1888.jpg
1888,wheat-fields-with-stacks-1888.jpg
1888,wheat-stacks-with-reaper-1888.jpg
1888,wheatfield-with-sheaves-1888.jpg
1888,woman-reading-a-novel-1888.jpg
1888,young-man-with-a-hat-1888.jpg
1888,zouave-1888(1).jpg
1888,zouave-1888-1(1).jpg
1888,zouave-sitting-whole-figure-1888.jpg
1888,zouave-half-figure-1888.jpg
1888,trees-in-the-garden-of-the-hospital-saint-paul-1888.jpg
1888,sunset-at-montmajour-1888.jpg
1888,interior-of-a-restaurant.jpg
1888,portrait-of-the-postman-joseph-roulin.jpg
1889,2017-nyr-15004-0028a-000-vincent-van-gogh-laboureur-dans-un-champ.jpg
1889,29hidden-1-superjumbo.jpg
1889,vincent-willem-van-gogh-102-1.jpg
1889,a-bare-treetop-in-the-garden-of-the-asylum-1889(1).jpg
1889,a-corner-of-the-asylum-and-the-garden-with-a-heavy-sawn-off-tree-1889(1).jpg
1889,a-field-of-yellow-flowers-1889(1).jpg
1889,a-group-of-pine-trees-1889(1).jpg
1889,a-group-of-pine-trees-near-a-house-1889(1).jpg
1889,a-meadow-in-the-mountains-1889(1).jpg
1889,a-pine-tree-and-cypresses-in-the-garden-of-the-asylum-1889(1).jpg
1889,a-road-in-st-remy-with-female-figures-1889(1).jpg
1889,a-row-of-bare-trees-1889(1).jpg
1889,a-weather-beaten-pine-tree-1889(1).jpg
1889,at-the-foot-of-the-mountains-1889(1).jpg
1889,avenue-with-flowering-chestnut-trees-at-arles-1889(1).jpg
1889,bird-s-eye-view-of-saint-remy-1889(1).jpg
1889,bloaters-on-a-piece-of-yellow-paper-1889(1).jpg
1889,clumps-of-grass-1889(1).jpg
1889,antique-3937518.jpg
1889,crab-on-it-s-back-1889(1).jpg
1889,cypresses-1889(1).jpg
1889,cypresses-1889-1(1).jpg
1889,cypresses-1889-2(1).jpg
1889,cypresses-1889-3(1).jpg
1889,cypresses-with-two-women-1889(1).jpg
1889,death-s-head-moth-1889(1).jpg
1889,enclosed-field-1889(1).jpg
1889,enclosed-field-behind-saint-paul-hospital-1889(1).jpg
1889,enclosed-field-with-a-sower-in-the-rain-1889(1).jpg
1889,enclosed-field-with-a-sower-in-the-rain-1889-1(1).jpg
1889,enclosed-field-with-peasant-1889(1).jpg
1889,enclosed-field-with-ploughman-1889(1).jpg
1889,enclosed-field-with-ploughman-1889-1(1).jpg
1889,enclosed-field-with-rising-sun-1889(1).jpg
1889,enclosed-wheat-field-with-reaper-1889(1).jpg
1889,entrance-to-a-quarry-1889(1).jpg
1889,entrance-to-a-quarry-near-saint-remy-1889(1).jpg
1889,evening-the-end-of-the-day-after-millet-1889(1).jpg
1889,evening-the-watch-after-millet-1889(1).jpg
1889,evening-landscape-with-rising-moon-1889(1).jpg
1889,field-and-ploughman-and-mill-1889(1).jpg
1889,field-of-spring-wheat-at-sunrise-1889(1).jpg
1889,field-with-poppies-1889(1).jpg
1889,field-with-two-rabbits-1889(1).jpg
1889,flowering-shrubs-1889(1).jpg
1889,fountain-in-the-garden-of-saint-paul-hospital-1889(1).jpg
1889,garden-of-the-asylum-1889(1).jpg
1889,garden-of-the-asylum-and-tree-trunks-and-a-stone-bench-1889(1).jpg
1889,great-peacock-moth-1889(1).jpg
1889,green-wheat-field-with-cypress-1889-1(1).jpg
1889,head-of-an-angel-after-rembrandt-1889.jpg
1889,antique-3840759.jpg
1889,antique-3840760.jpg
1889,landscape-with-house-and-ploughman-1889(2).jpg
1889,landscape-with-trees-and-figures-1889.jpg
1889,large-plane-trees-1889.jpg
1889,les-alpilles-mountain-landscape-near-south-reme-1889.jpg
1889,lilac-bush-1889.jpg
1889,madame-augustine-roulin-1889.jpg
1889,madame-roulin-rocking-the-cradle-a-lullaby-1889.jpg
1889,madame-roulin-rocking-the-cradle-a-lullaby-1889-1.jpg
1889,madame-roulin-rocking-the-cradle-a-lullaby-1889-2.jpg
1889,mask-of-an-egyptian-mummy-1889.jpg
1889,mask-of-an-egyptian-mummy-2-1889.jpg
1889,mask-of-an-egyptian-mummy-3-1889.jpg
1889,mask-of-an-egyptian-mummy-4-1889.jpg
1889,mount-gaussier-with-the-mas-de-saint-paul-1889.jpg
1889,mountain-landscape-seen-across-the-walls-1889.jpg
1889,mountain-landscape-seen-across-the-walls-2-1889.jpg
1889,mountains-at-saint-remy-with-dark-cottage-1889.jpg
1889,mulberry-tree-1889.jpg
1889,oleanders-the-hospital-garden-at-saint-remy-1889.jpg
1889,olive-grove-1889.jpg
1889,olive-grove-1889-1.jpg
1889,olive-grove-bright-blue-sky-1889.jpg
1889,olive-grove-bright-blue-sky-1889-1.jpg
1889,olive-grove-orange-sky-1889.jpg
1889,olive-grove-pale-blue-sky-1889.jpg
1889,olive-grove-with-picking-figures-1889.jpg
1889,olive-picking-1889.jpg
1889,olive-picking-1889-1.jpg
1889,olive-picking-1889-2.jpg
1889,olive-trees-1889.jpg
1889,olive-trees-against-a-slope-of-a-hill-1889.jpg
1889,olive-trees-bright-blue-sky-1889.jpg
1889,olive-trees-in-a-mountain-landscape-1889.jpg
1889,olive-trees-in-a-mountain-landscape-1889-1.jpg
1889,olive-trees-with-yellow-sky-and-sun-1889.jpg
1889,orchard-in-bloom-with-poplars-1889.jpg
1889,orchard-in-bloom-with-view-of-arles-1889.jpg
1889,park-at-arles-1889.jpg
1889,path-between-pine-trees-1889.jpg
1889,peach-trees-in-blossom-1889.jpg
1889,peasant-woman-binding-sheaves-after-millet-1889.jpg
1889,peasant-woman-cutting-straw-after-millet-1889.jpg
1889,peasant-woman-with-a-rake-after-millet-1889.jpg
1889,pieta-1889.jpg
1889,pine-trees-against-a-red-sky-with-setting-sun-1889.jpg
1889,pine-trees-along-a-road-to-a-house-1889.jpg
1889,pine-trees-in-front-of-the-wall-of-the-asylum-1889.jpg
1889,pine-trees-in-front-of-the-wall-of-the-asylum-1889-1.jpg
1889,pine-trees-in-front-of-the-wall-of-the-asylum-4-1889.jpg
1889,pine-trees-in-the-garden-of-the-asylum-1889.jpg
1889,pine-trees-near-the-wall-of-the-asylum-1889.jpg
1889,pine-trees-near-the-wall-of-the-asylum-1889-1.jpg
1889,pine-trees-near-the-wall-of-the-asylum-1889-2.jpg
1889,pine-trees-seen-against-the-wall-of-the-asylum-1889.jpg
1889,pine-trees-seen-against-the-wall-of-the-asylum-1889-1.jpg
1889,pine-trees-seen-against-the-wall-of-the-asylum-1889-2.jpg
1889,pine-trees-with-figure-in-the-garden-of-saint-paul-hospital-1889.jpg
1889,pollard-willows-1889.jpg
1889,portrait-of-a-patient-in-saint-paul-hospital-1889.jpg
1889,portrait-of-a-young-peasant-1889.jpg
1889,portrait-of-dr-felix-rey-1889.jpg
1889,portrait-of-madame-trabuc-1889.jpg
1889,portrait-of-the-postman-joseph-roulin-1889.jpg
1889,portrait-of-the-postman-joseph-roulin-1889-1.jpg
1889,portrait-of-trabuc-an-attendant-at-saint-paul-hospital-1889.jpg
1889,reaper-with-sickle-after-millet-1889.jpg
1889,rocky-ground-at-montmajour.jpg
1889,rosebush-in-blossom-1889.jpg
1889,self-portrait-1889.jpg
1889,self-portrait-with-bandaged-ear-1889.jpg
1889,self-portrait-with-pallette-1889.jpg
1889,self-portrait-1889-1.jpg
1889,self-portrait-1889-2.jpg
1889,self-portrait-1889-3.jpg
1889,self-portrait-with-bandaged-ear-1889-1.jpg
1889,sheaf-binder-the-after-millet-1889.jpg
1889,sheep-shearers-the-after-millet-1889.jpg
1889,snowy-landscape-with-stooping-woman.jpg
1889,sower-after-millet-1889(1).jpg
1889,still-life-vase-with-fourteen-sunflowers-1889.jpg
1889,still-life-vase-with-twelve-sunflowers.jpg
1889,still-life-vase-with-twelve-sunflowers-1.jpg
1889,still-life-with-drawing-board-pipe-onions-and-sealing-wax-1889.jpg
1889,still-life-with-oranges-and-lemons-with-blue-gloves-1889.jpg
1889,stone-steps-in-the-garden-of-the-asylum-1889.jpg
1889,studies-figure-the-enclosure-wall-of-saint-paul-hospital-and-others-1889.jpg
1889,study-of-pine-trees-1889(1).jpg
1889,the-alpilles-with-olive-trees-in-the-foreground-1889.jpg
1889,the-courtyard-of-the-hospital-at-arles-1889(1).jpg
1889,the-courtyard-of-the-hospital-in-arles-1889.jpg
1889,the-entrance-hall-of-saint-paul-hospital-1889.jpg
1889,the-garden-of-saint-paul-hospital-1889.jpg
1889,the-garden-of-saint-paul-hospital-1889-1.jpg
1889,the-garden-of-saint-paul-hospital-1889-2.jpg
1889,the-garden-of-saint-paul-hospital-with-figure-1889.jpg
1889,the-garden-of-st-paul-s-hospital-at-st-remy-1889.jpg
1889,the-green-wheatfield-behind-the-asylum-1889.jpg
1889,the-grounds-of-the-asylum-1889.jpg
1889,the-gully-peiroulets-1889.jpg
1889,the-gully-peiroulets-1889-1.jpg
1889,the-iris-1889.jpg
1889,the-man-is-at-sea-after-demont-breton-1889.jpg
1889,the-park-at-arles-1889.jpg
1889,the-ravine-of-the-peyroulets-1889.jpg
1889,the-reaper-1889.jpg
1889,the-reaper-after-millet-1889.jpg
1889,the-shepherdess-after-millet-1889.jpg
1889,the-spinner-after-millet-1889.jpg
1889,the-starry-night.jpg
1889,the-starry-night-1889-1.jpg
1889,the-stone-bench-in-the-garden-at-saint-paul-hospital-1889.jpg
1889,the-thresher-after-millet-1889.jpg
1889,the-walk-falling-leaves-1889.jpg
1889,three-cicadas-1889.jpg
1889,tree-with-ivy-in-the-asylum-garden-1889.jpg
1889,trees-and-shrubs-1889.jpg
1889,trees-and-shrubs-1889-1.jpg
1889,trees-in-the-asylum-garden-1889.jpg
1889,trees-in-the-garden-of-the-asylum-1889.jpg
1889,trees-with-ivy-1889.jpg
1889,treetop-seen-against-the-wall-of-the-asylum-1889.jpg
1889,trunks-of-trees-with-ivy-1889.jpg
1889,two-crabs-1889.jpg
1889,two-cypresses-1889.jpg
1889,two-diggers-among-trees-1889.jpg
1889,two-peasants-diging-after-millet-1889.jpg
1889,two-pinetrees-1889.jpg
1889,two-poplars-on-a-hill-1889.jpg
1889,two-trees.jpg
1889,two-white-butterflies-1889.jpg
1889,undergrowth-with-ivy-1889.jpg
1889,van-gogh-s-chair-1889.jpg
1889,view-of-the-church-of-saint-paul-de-mausole-1889.jpg
1889,vincent-s-bedroom-in-arles-1889.jpg
1889,adult-coloring-3840763.jpg
1889,ward-in-the-hospital-at-arles-1889.jpg
1889,wheat-field-behind-saint-paul-hospital-with-a-reaper-1889.jpg
1889,wheat-field-behind-saint-paul-hospital-with-a-reaper-1889-1.jpg
1889,wheat-field-in-rain-1889.jpg
1889,wheat-field-with-cypresses-1889.jpg
1889,wheat-field-with-cypresses-at-the-haude-galline-near-eygalieres-1889.jpg
1889,wheat-field-with-cypresses-at-the-haude-galline-near-eygalieres-1889-1.jpg
1889,wheat-field-with-cypresses-at-the-haude-galline-near-eygalieres-1889-2.jpg
1889,wheat-field-with-reaper-and-sun-1889.jpg
1889,wheat-field-with-sun-and-cloud-1889.jpg
1889,wheatfield-with-cypress-tree-1889.jpg
1889,wheatfield-with-mountains-in-the-background-1889.jpg
1889,window-of-vincent-s-studio-at-the-asylum-1889.jpg
1889,wooden-sheds-1889.jpg
1889,arums(1).jpg
1889,barred-windows(1).jpg
1889,field-with-bare-tree(1).jpg
1889,wheat-field-with-cypresses.jpg
1889,cypresses(1).jpg
1889,sketchbook.jpg
1890,a-group-of-cottages-1890(1).jpg
1890,a-house-at-auvers-1890(1).jpg
1890,a-sower-and-a-man-with-a-spade-1890(1).jpg
1890,a-steamer-with-several-people-1890(1).jpg
1890,a-vase-of-roses-1890(1).jpg
1890,a-woman-picking-up-a-stick-in-front-of-trees-1890(1).jpg
1890,auvers-town-hall-in-14-july-1890-1890(1).jpg
1890,blossoming-acacia-branches-1890(1).jpg
1890,blossoming-chestnut-branches-1890(1).jpg
1890,branches-with-almond-blossom-1890(1).jpg
1890,can-books-wineglass-bread-and-arum-sketch-of-two-women-and-a-girl-1890(1).jpg
1890,chestnut-tree-in-blossom-1890(1).jpg
1890,chestnut-trees-in-blossom-1890(1).jpg
1890,child-and-woman-pouring-coffee-1890(1).jpg
1890,child-with-orange-1890(1).jpg
1890,cottages-and-cypresses-reminiscence-of-the-north-1890(1).jpg
1890,cottages-and-trees-1890(1).jpg
1890,cottages-reminiscence-of-the-north-1890(1).jpg
1890,cottages-with-a-woman-working-in-the-foreground-1890(1).jpg
1890,cottages-with-a-woman-working-in-the-foreground-1890-1(1).jpg
1890,cottages-with-thatched-roofs-and-figures-1890(1).jpg
1890,cottages-with-three-figures-1890(1).jpg
1890,country-road-1890(1).jpg
1890,couple-arm-in-arm-and-other-figures-with-a-windmill-in-the-background-1890(1).jpg
1890,couple-walking-arm-in-arm-with-a-child-in-the-rain-1890(1).jpg
1890,couple-walking-between-rows-of-trees-1890(1).jpg
1890,cows-1890(1).jpg
1890,cypresses-and-two-women-1890(1).jpg
1890,cypresses-with-four-people-working-in-the-field-1890(1).jpg
1890,daubigny-s-garden-1890(1).jpg
1890,daubigny-s-garden-1890-1(1).jpg
1890,daubigny-s-garden-1890-2(1).jpg
1890,daubigny-s-garden-with-black-cat-1890(1).jpg
1890,dead-leaf-and-pod-1890(1).jpg
1890,diggers-and-road-with-cottages-1890(1).jpg
1890,doctor-gachet-sitting-at-a-table-with-books-and-a-glass-with-sprigs-of-foxglove-1890(1).jpg
1890,dr-paul-gachet-1890(1).jpg
1890,ears-of-wheat-1890(1).jpg
1890,farmhouse-with-two-figures-1890(1).jpg
1890,field-with-a-sower-1890(1).jpg
1890,field-with-poppies-1890(1).jpg
1890,field-with-stacks-of-wheat-1890(1).jpg
1890,field-with-two-sowers-and-trees-1890(1).jpg
1890,first-steps-after-millet-1890(1).jpg
1890,four-men-on-a-road-with-pine-trees-1890(1).jpg
1890,garden-in-auvers-1890(1).jpg
1890,girl-with-straw-hat-sitting-in-the-wheat-1890(1).jpg
1890,green-wheat-fields-1890(1).jpg
1890,haystack-under-a-rainy-sky-1890(1).jpg
1890,head-of-a-boy-with-broad-brimmed-hat-1890(1).jpg
1890,head-of-a-man-with-a-hat-a-perspective-frame-and-other-sketches-1890(1).jpg
1890,hind-legs-of-a-horse-1890.jpg
1890,horse-and-carriage-1890.jpg
1890,houses-among-trees-1890.jpg
1890,houses-among-trees-with-a-figure-1890.jpg
1890,houses-in-auvers-1890.jpg
1890,houses-in-auvers-2-1890.jpg
1890,houses-with-thatched-roofs-cordeville-1890.jpg
1890,interior-of-a-farm-with-figures-at-the-fireside-1890.jpg
1890,interior-of-a-farm-with-two-figures-1890.jpg
1890,japanese-vase-with-roses-and-anemones-1890(1).jpg
1890,lady-with-checked-dress-and-hat-1890.jpg
1890,landscape-in-the-rain-1890.jpg
1890,landscape-with-bridge-across-the-oise-1890.jpg
1890,landscape-with-carriage-and-train-1890.jpg
1890,landscape-with-cottages-1890.jpg
1890,landscape-with-couple-walking-and-crescent-moon-1890(1).jpg
1890,landscape-with-houses-among-trees-and-a-figure-1890.jpg
1890,landscape-with-the-chateau-of-auvers-at-sunset-1890.jpg
1890,landscape-with-the-oise-1890.jpg
1890,landscape-with-the-oise-1890-1.jpg
1890,landscape-with-three-trees-and-a-house-1890.jpg
1890,l-arlesienne-portrait-of-madame-ginoux-1890.jpg
1890,l-arlesienne-portrait-of-madame-ginoux-1890-1.jpg
1890,little-stream-surrounded-by-bushes-1890.jpg
1890,mademoiselle-gachet-at-the-piano-1890.jpg
1890,mademoiselle-gachet-in-her-garden-at-auvers-sur-oise-1890.jpg
1890,man-with-scythe-in-wheat-field-1890.jpg
1890,mantelpiece-with-chair-1890.jpg
1890,marguerite-gachet-at-the-piano-1890.jpg
1890,marguerite-gachet-at-the-piano-1890-1.jpg
1890,meadow-in-the-garden-of-saint-paul-hospital-1890.jpg
1890,men-in-front-of-the-counter-in-a-cafe-1890.jpg
1890,morning-going-to-work-1890.jpg
1890,old-man-in-sorrow-on-the-threshold-of-eternity-1890.jpg
1890,old-vineyard-with-peasant-woman-1890.jpg
1890,peasant-digging-1890.jpg
1890,peasant-woman-digging-1890.jpg
1890,peasants-lifting-potatoes-1890.jpg
1890,people-walking-in-front-of-snow-covered-cottage-1890.jpg
1890,people-walking-in-front-of-snow-covered-cottage-2-1890.jpg
1890,plain-near-auvers-1890.jpg
1890,poppies-and-butterflies-1890.jpg
1890,portrait-of-adeline-ravoux-1890.jpg
1890,adeline-ravoux.JPG
1890,portrait-of-adeline-ravoux-1890-2.jpg
1890,portrait-of-doctor-gachet-1890.jpg
1890,portrait-of-doctor-gachet-a-man-with-pipe-1890.jpg
1890,portrait-of-madame-ginoux-l-arlesienne-1890.jpg
1890,prisoners-exercising-prisoners-round-1890.jpg
1890,red-poppies-and-daisies-1890.jpg
1890,rest-work-after-millet-1890.jpg
1890,road-with-cypresses-1890.jpg
1890,road-with-men-walking-carriage-cypress-star-and-crescent-moon-1890.jpg
1890,roses-and-beetle-1890.jpg
1890,rowing-boats-on-the-banks-of-the-oise-1890.jpg
1890,seated-nude-after-bargues-1890.jpg
1890,several-figures-on-a-road-with-trees-1890.jpg
1890,sheaves-of-wheat-1890.jpg
1890,sheaves-of-wheat-1890-1.jpg
1890,sheet-with-a-few-sketches-of-figures-1890.jpg
1890,sheet-with-figures-and-hands-1890.jpg
1890,sheet-with-figures-at-a-table-a-sower-clogs-etc-1890.jpg
1890,sheet-with-hands-and-several-figures-1890.jpg
1890,sheet-with-many-sketches-of-figures-1890.jpg
1890,sheet-with-numerous-figure-sketches-1890.jpg
1890,sheet-with-numerous-sketches-of-working-people-1890.jpg
1890,sheet-with-peasants-eating-and-other-figures-1890.jpg
1890,sheet-with-people-sitting-on-chairs-1890.jpg
1890,sheet-with-sketches-of-a-digger-and-other-figures-1890.jpg
1890,sheet-with-sketches-of-diggers-and-other-figures-1890.jpg
1890,sheet-with-sketches-of-diggers-and-other-figures-1890-1.jpg
1890,sheet-with-sketches-of-figures-1890.jpg
1890,sheet-with-sketches-of-peasants-1890.jpg
1890,sheet-with-sketches-of-working-people-1890.jpg
1890,sheet-with-sketches-of-working-people-1890-1.jpg
1890,sheet-with-two-groups-of-peasants-at-a-meal-1890.jpg
1890,sheet-with-two-sowers-and-hands-1890.jpg
1890,six-sketches-of-figures-among-others-a-man-sowing-wheat-1890.jpg
1890,sketch-of-a-couple-walking-with-a-child-1890.jpg
1890,sketch-of-a-donkey-1890.jpg
1890,sketch-of-a-hen-1890.jpg
1890,sketch-of-a-lady-with-striped-dress-and-hat-and-of-another-lady-half-figure-1890.jpg
1890,sketch-of-a-peasant-working-1890.jpg
1890,sketch-of-a-stooping-man-1890.jpg
1890,sketch-of-a-tree-against-clouds-with-colour-annotations-1890.jpg
1890,sketch-of-a-woman-with-a-baby-in-her-lap-1890.jpg
1890,sketch-of-an-eroded-garden-wall-ornament-1890.jpg
1890,sketch-of-an-eroded-garden-wall-ornament-1890-1.jpg
1890,sketch-of-clouds-with-colour-annotations-1890.jpg
1890,sketch-of-cows-and-children-1890.jpg
1890,sketch-of-diggers-and-other-figures-1890.jpg
1890,sketch-of-the-painting-the-potato-eaters-1890.jpg
1890,sketch-of-two-women-1890.jpg
1890,sketch-of-women-in-a-field-1890.jpg
1890,sketches-of-a-cottage-and-figures-1890.jpg
1890,sketches-of-a-cottage-and-figures-2-1890.jpg
1890,sketches-of-a-hen-and-a-cock-1890.jpg
1890,sketches-of-peasant-plowing-with-horses-1890.jpg
1890,snow-covered-cottages-a-couple-with-a-child-and-other-walkers-1890.jpg
1890,sowers-1890.jpg
1890,still-life-pink-roses-1890.jpg
1890,still-life-glass-with-carnations-1890.jpg
1890,still-life-glass-with-wild-flowers-1890.jpg
1890,still-life-vase-with-rose-mallows-1890(1).jpg
1890,still-life-vase-with-roses-1890.jpg
1890,still-life-with-irises-1890.jpg
1890,still-life-with-thistles-1890.jpg
1890,street-in-auvers-sur-oise-1890.jpg
1890,study-of-a-fruit-tree-1890.jpg
1890,study-of-a-woman-standing-two-heads-another-figure-1890.jpg
1890,sun-disk-above-a-path-between-shrubs-1890.jpg
1890,thatched-cottages-in-chaponval-auvers-sur-oise-1890.jpg
1890,thatched-cottages-in-jorgus-1890.jpg
1890,thatched-cottages-in-the-sunshine-reminiscence-of-the-north-1890.jpg
1890,thatched-houses-against-a-hill-1890.jpg
1890,thatched-sandstone-cottages-in-chaponval-1890.jpg
1890,the-church-at-auvers-1890.jpg
1890,alcohol-3840756.jpg
1890,the-fields-1890.jpg
1890,the-garden-of-doctor-gachet-at-auvers-sur-oise-1890(1).jpg
1890,the-good-samaritan-after-delacroix-1890.jpg
1890,the-grove-1890.jpg
1890,the-house-of-pere-eloi-1890.jpg
1890,the-house-of-pere-pilon-1890.jpg
1890,the-little-arlesienne-1890.jpg
1890,the-little-stream-1890.jpg
1890,the-plain-at-auvers-1890.jpg
1890,the-plough-and-the-harrow-after-millet-1890.jpg
1890,the-raising-of-lazarus-1890.jpg
1890,the-raising-of-lazarus-after-rembrandt-1890.jpg
1890,the-town-hall-at-auvers-1890.jpg
1890,the-woodcutter-after-millet-1890.jpg
1890,three-peasants-at-a-meal-1890.jpg
1890,three-peasants-with-spades-on-a-road-in-the-rain-1890.jpg
1890,three-studies-1890.jpg
1890,tree-roots-1890.jpg
1890,tree-trunks-in-the-grass-1890.jpg
1890,two-children-1890.jpg
1890,two-little-girls-1890.jpg
1890,two-men-on-a-road-with-pine-trees-1890.jpg
1890,two-men-walking-in-a-landscape-with-trees-1890.jpg
1890,two-peasant-women-digging-in-field-with-snow-1890.jpg
1890,two-women-crossing-the-fields-1890.jpg
1890,two-women-working-in-the-field-1890.jpg
1890,two-women-working-in-wheat-field-1890.jpg
1890,undergrowth-with-two-figures-1890.jpg
1890,antique-3840751.jpg
1890,view-of-auvers-1890.jpg
1890,view-of-auvers-with-church-1890.jpg
1890,view-of-vessenots-near-auvers-1890.jpg
1890,village-street-1890.jpg
1890,village-street-and-steps-in-auvers-with-figures-1890.jpg
1890,village-street-and-steps-in-auvers-with-two-figures-1890.jpg
1890,village-street-sketch-1890.jpg
1890,vineyards-with-a-view-of-auvers-1890.jpg
1890,wheat-field-at-auvers-with-white-house-1890.jpg
1890,wheat-field-with-a-stack-of-wheat-or-hay-1890.jpg
1890,wheat-field-with-cornflowers-1890.jpg
1890,wheat-fields-1890.jpg
1890,wheat-fields-1890-1.jpg
1890,wheat-fields-at-auvers-under-clouded-sky-1890.jpg
1890,wheat-fields-with-auvers-in-the-background-1890.jpg
1890,wheatfield-with-crows-1890.jpg
1890,wheatfields-1890.jpg
1890,wheatfields-under-thunderclouds-1890.jpg
1890,white-house-at-night.jpg
1890,wild-flowers-and-thistles-in-a-vase-1890.jpg
1890,wild-roses-1890.jpg
1890,woman-standing-1890.jpg
1890,woman-with-a-donkey-1890.jpg
1890,woman-with-striped-skirt-1890.jpg
1890,woman-working-in-wheat-field-1890.jpg
1890,women-working-in-wheat-field-1890.jpg
1890,young-girl-standing-against-a-background-of-wheat-1890.jpg
1890,young-man-with-cornflower-1890.jpg
1890,young-peasant-girl-in-a-straw-hat-sitting-in-front-of-a-wheatfield-1890.jpg
1890,blossoming-branches(1).jpg
1890,branch-with-leaves(1).jpg
1890,carriage-and-two-figures-on-a-road(1).jpg
1890,carriage-drawn-by-a-horse(1).jpg
1890,chair-and-sketch-of-a-hand(1).jpg
1890,chair-near-the-stove(1).jpg
1890,a-group-of-figures-on-the-beach(1).jpg
1890,carriage(1).jpg
1890,couple-walking(1).jpg
1890,field-of-grass-with-dandelions-and-tree-trunks(1).jpg
